File ID	File Name	Data Category	Data Type	Project ID	Case ID	Sample ID	Tissue Type	Tumor Descriptor	Specimen Type	Preservation Method
668d7295-629a-496a-b525-b5b8157baf11	e25887be-64fe-4e7c-983b-4fbdec52c4b7.rna_seq.augmented_star_gene_counts.tsv	Transcriptome Profiling	Gene Expression Quantification	TCGA-LUAD	TCGA-69-7979	TCGA-69-7979-01A	Tumor	Primary	Solid Tissue	Unknown
51847dea-489f-4df9-84f8-26a6f2579620	35a9d225-0988-4e31-9a39-d54f3a63bea8.rna_seq.augmented_star_gene_counts.tsv	Transcriptome Profiling	Gene Expression Quantification	TCGA-LUAD	TCGA-L9-A743	TCGA-L9-A743-01A	Tumor	Primary	Solid Tissue	Unknown
21285d92-3596-4a82-91ae-a99e22479a3c	4f721842-9460-4376-b577-59c3731f34a6.rna_seq.augmented_star_gene_counts.tsv	Transcriptome Profiling	Gene Expression Quantification	TCGA-LUAD	TCGA-64-5815	TCGA-64-5815-01A	Tumor	Primary	Solid Tissue	Unknown
d3986831-ba2a-4a25-8eb0-b074cbd7edac	e270dd9d-4a6b-40b3-823f-a46dd9493585.rna_seq.augmented_star_gene_counts.tsv	Transcriptome Profiling	Gene Expression Quantification	TCGA-LUAD	TCGA-55-7574	TCGA-55-7574-01A	Tumor	Primary	Solid Tissue	Unknown
0765d9e8-0fec-46bc-832a-89945435d5b1	78bf9571-4145-4c0d-a61a-58a878351097.rna_seq.augmented_star_gene_counts.tsv	Transcriptome Profiling	Gene Expression Quantification	TCGA-LUAD	TCGA-L9-A50W	TCGA-L9-A50W-01A	Tumor	Primary	Solid Tissue	Unknown
4b98f37e-33fc-4bf0-b6cd-4c900bcc9d2a	925a2268-1a0a-402b-8bb1-e6fa32521afe.rna_seq.augmented_star_gene_counts.tsv	Transcriptome Profiling	Gene Expression Quantification	TCGA-LUAD	TCGA-86-8278	TCGA-86-8278-01A	Tumor	Primary	Solid Tissue	Unknown
64101504-305f-4c62-bc27-40493e3c9575	5541c1a3-e0e5-4ded-ae0a-687e87a7d708.rna_seq.augmented_star_gene_counts.tsv	Transcriptome Profiling	Gene Expression Quantification	TCGA-LUAD	TCGA-75-6203	TCGA-75-6203-01A	Tumor	Primary	Solid Tissue	Unknown
d2436cea-20c9-4c32-98d3-61eb445865be	56ba7921-5bee-4a1e-9fba-a78a034547a6.rna_seq.augmented_star_gene_counts.tsv	Transcriptome Profiling	Gene Expression Quantification	TCGA-LUAD	TCGA-55-8614	TCGA-55-8614-01A	Tumor	Primary	Solid Tissue	Unknown
9940e2a8-6a68-4482-a1bc-2a6edb7d52cd	bc8b6dee-0f79-492f-85e1-c1a09d6f9680.rna_seq.augmented_star_gene_counts.tsv	Transcriptome Profiling	Gene Expression Quantification	TCGA-LUAD	TCGA-78-8655	TCGA-78-8655-01A	Tumor	Primary	Solid Tissue	Unknown
f19a1a66-ddc9-4567-80db-d009bb455b25	aa305f5b-4c1d-4bc7-81d5-b2b999b327af.rna_seq.augmented_star_gene_counts.tsv	Transcriptome Profiling	Gene Expression Quantification	TCGA-LUAD	TCGA-97-7554	TCGA-97-7554-01A	Tumor	Primary	Solid Tissue	Unknown
ea47f0f6-aad1-4149-afb6-2026f64935f5	dd20e202-a63c-4281-85c7-f16096212a91.rna_seq.augmented_star_gene_counts.tsv	Transcriptome Profiling	Gene Expression Quantification	TCGA-LUAD	TCGA-44-7662	TCGA-44-7662-01A	Tumor	Primary	Solid Tissue	Unknown
a14f02d4-6d07-409d-af7a-5d5f23640ad6	56081bb7-480c-446f-9e21-41627df3b569.rna_seq.augmented_star_gene_counts.tsv	Transcriptome Profiling	Gene Expression Quantification	TCGA-LUAD	TCGA-95-7944	TCGA-95-7944-01A	Tumor	Primary	Solid Tissue	Unknown
754343b4-f9f5-478a-a076-2791b8857c3e	8a6d64cc-3f03-4a5d-b6ce-83fa9c7f7d07.rna_seq.augmented_star_gene_counts.tsv	Transcriptome Profiling	Gene Expression Quantification	TCGA-LUAD	TCGA-55-7995	TCGA-55-7995-01A	Tumor	Primary	Solid Tissue	Unknown
bb47dbbf-75f5-4bbf-bd1a-ca81383f211b	2beab6d3-563d-421f-bf4a-7e1f843ec637.rna_seq.augmented_star_gene_counts.tsv	Transcriptome Profiling	Gene Expression Quantification	TCGA-LUAD	TCGA-97-8547	TCGA-97-8547-01A	Tumor	Primary	Solid Tissue	Unknown
3aa81439-d4cc-41ef-9568-e6a11c8b1b52	a6a841ae-f63f-45ab-9a17-2288e12a9577.rna_seq.augmented_star_gene_counts.tsv	Transcriptome Profiling	Gene Expression Quantification	TCGA-LUAD	TCGA-05-4433	TCGA-05-4433-01A	Tumor	Primary	Solid Tissue	Unknown
41e96482-bc24-4a1a-8ef2-8ef4d525ad40	52e52b5d-4112-4616-8ddd-2a4524a91778.rna_seq.augmented_star_gene_counts.tsv	Transcriptome Profiling	Gene Expression Quantification	TCGA-LUAD	TCGA-50-6591	TCGA-50-6591-01A	Tumor	Primary	Solid Tissue	Unknown
5eefc0d2-90b4-495f-803b-cfe9f158b980	67fc0674-3f48-41ec-a650-7efaa41607fa.rna_seq.augmented_star_gene_counts.tsv	Transcriptome Profiling	Gene Expression Quantification	TCGA-LUAD	TCGA-NJ-A55A	TCGA-NJ-A55A-01A	Tumor	Primary	Solid Tissue	OCT
3563bce2-6547-4081-883e-1e7e498c83be	59e8b7b7-5183-4655-aa5e-e4b5ba73eded.rna_seq.augmented_star_gene_counts.tsv	Transcriptome Profiling	Gene Expression Quantification	TCGA-LUAD	TCGA-55-7727	TCGA-55-7727-01A	Tumor	Primary	Solid Tissue	Unknown
58390e08-43b2-4517-b57c-ff899594e55a	80416b83-9ea2-4d33-8ba4-1fe9330d51f2.rna_seq.augmented_star_gene_counts.tsv	Transcriptome Profiling	Gene Expression Quantification	TCGA-LUAD	TCGA-86-8671	TCGA-86-8671-01A	Tumor	Primary	Solid Tissue	Unknown
f47927c5-e1e9-4152-9817-79aa6e64111a	58e4f0e6-3b0f-4370-8abf-0b4d533672c5.rna_seq.augmented_star_gene_counts.tsv	Transcriptome Profiling	Gene Expression Quantification	TCGA-LUAD	TCGA-44-2668	TCGA-44-2668-01A	Tumor	Primary	Solid Tissue	Unknown
0737eb23-c066-4522-8f5c-dbb4b3b516b0	a0c9ebdf-951b-4d8d-aa79-3ff1c82342cd.rna_seq.augmented_star_gene_counts.tsv	Transcriptome Profiling	Gene Expression Quantification	TCGA-LUAD	TCGA-44-7659	TCGA-44-7659-01A	Tumor	Primary	Solid Tissue	Unknown
14d76abd-84f2-4875-8d03-5a27b4505715	56d7d6b5-33c0-4551-967c-afce1f970395.rna_seq.augmented_star_gene_counts.tsv	Transcriptome Profiling	Gene Expression Quantification	TCGA-LUAD	TCGA-91-6831	TCGA-91-6831-01A	Tumor	Primary	Solid Tissue	Unknown
091d2c9e-a8cb-4212-a434-7c7d4fd75f7b	26fdaa75-cea5-4355-b3b1-6b5c2c75e542.rna_seq.augmented_star_gene_counts.tsv	Transcriptome Profiling	Gene Expression Quantification	TCGA-LUAD	TCGA-44-5645	TCGA-44-5645-01B	Tumor	Primary	Solid Tissue	FFPE
577f10d0-c9a2-47c3-aa2f-b1bd5bd86d90	3b21349a-ee41-45bf-87de-19b6cda494d5.rna_seq.augmented_star_gene_counts.tsv	Transcriptome Profiling	Gene Expression Quantification	TCGA-LUAD	TCGA-69-7973	TCGA-69-7973-01A	Tumor	Primary	Solid Tissue	Unknown
1c9ada61-d900-4498-9ef1-14a91212faf6	9e504ab4-85a0-465d-be52-0c28ed83e5f8.rna_seq.augmented_star_gene_counts.tsv	Transcriptome Profiling	Gene Expression Quantification	TCGA-LUAD	TCGA-44-5645	TCGA-44-5645-01A	Tumor	Primary	Solid Tissue	Unknown
f8670621-43a9-491c-81b7-8999ca9975a7	9b4a912b-c42b-4a3a-8723-58b4dcb85949.rna_seq.augmented_star_gene_counts.tsv	Transcriptome Profiling	Gene Expression Quantification	TCGA-LUAD	TCGA-53-7626	TCGA-53-7626-01A	Tumor	Primary	Solid Tissue	Unknown
5ecf82a3-8658-4a64-a14c-fc5d1d6f56f8	2172f060-6402-44dc-a918-2f9c15c21fa4.rna_seq.augmented_star_gene_counts.tsv	Transcriptome Profiling	Gene Expression Quantification	TCGA-LUAD	TCGA-55-7815	TCGA-55-7815-01A	Tumor	Primary	Solid Tissue	Unknown
20daa4af-7d88-42c8-9279-34372e687e5d	9446312e-b87c-411c-b9a3-a19603eff965.rna_seq.augmented_star_gene_counts.tsv	Transcriptome Profiling	Gene Expression Quantification	TCGA-LUAD	TCGA-05-5715	TCGA-05-5715-01A	Tumor	Primary	Solid Tissue	Unknown
dba9c344-546c-49db-91df-abd25ae4b0cc	91181a9c-3113-47b6-8d1c-8173f9eac675.rna_seq.augmented_star_gene_counts.tsv	Transcriptome Profiling	Gene Expression Quantification	TCGA-LUAD	TCGA-55-6712	TCGA-55-6712-01A	Tumor	Primary	Solid Tissue	Unknown
dcff773b-20f4-4c90-9a3f-78ef2e0f484e	3041806b-5855-4930-aeb8-a30472658d54.rna_seq.augmented_star_gene_counts.tsv	Transcriptome Profiling	Gene Expression Quantification	TCGA-LUAD	TCGA-4B-A93V	TCGA-4B-A93V-01A	Tumor	Primary	Solid Tissue	OCT
466db517-921b-47e8-b249-b4c9bd714bfd	28e5e6cc-60b0-4324-b05e-d05af474da90.rna_seq.augmented_star_gene_counts.tsv	Transcriptome Profiling	Gene Expression Quantification	TCGA-LUAD	TCGA-69-7978	TCGA-69-7978-01A	Tumor	Primary	Solid Tissue	Unknown
08d83462-5fcb-40c6-9d44-dbc42faa4df6	087c2c93-d071-41e1-a2e8-a1961ba54a86.rna_seq.augmented_star_gene_counts.tsv	Transcriptome Profiling	Gene Expression Quantification	TCGA-LUAD	TCGA-86-8073	TCGA-86-8073-01A	Tumor	Primary	Solid Tissue	Unknown
4089d037-ab25-47a6-be68-19742473cbc6	50c308c9-922a-4083-ae09-e5e4d8c437af.rna_seq.augmented_star_gene_counts.tsv	Transcriptome Profiling	Gene Expression Quantification	TCGA-LUAD	TCGA-49-AARE	TCGA-49-AARE-01A	Tumor	Primary	Solid Tissue	OCT
45fe5e83-1e4a-4e0a-ac03-62ef32a90e77	6b51d2ce-51ed-4b34-890d-9f83d363118c.rna_seq.augmented_star_gene_counts.tsv	Transcriptome Profiling	Gene Expression Quantification	TCGA-LUAD	TCGA-93-7347	TCGA-93-7347-01A	Tumor	Primary	Solid Tissue	Unknown
fc732523-d387-4a1d-ab81-34e44e869bac	f7beaa9b-98ae-40bd-aadc-e69688499170.rna_seq.augmented_star_gene_counts.tsv	Transcriptome Profiling	Gene Expression Quantification	TCGA-LUAD	TCGA-44-2665	TCGA-44-2665-01B	Tumor	Primary	Solid Tissue	FFPE
a62db40f-4e4f-496c-84ed-ab9500b89757	cd271741-c470-4f57-9873-635fef14f902.rna_seq.augmented_star_gene_counts.tsv	Transcriptome Profiling	Gene Expression Quantification	TCGA-LUAD	TCGA-64-1676	TCGA-64-1676-01A	Tumor	Primary	Solid Tissue	Unknown
1098101e-1770-4055-ae41-d6c15e1c7b90	19853c82-c205-4af9-badd-82946eec14ad.rna_seq.augmented_star_gene_counts.tsv	Transcriptome Profiling	Gene Expression Quantification	TCGA-LUAD	TCGA-78-7220	TCGA-78-7220-01A	Tumor	Primary	Solid Tissue	Unknown
4bd86df0-6768-4741-8d01-51fe34dd57fd	bd1e3dcd-31c4-4f7f-8e99-9ad0d1050294.rna_seq.augmented_star_gene_counts.tsv	Transcriptome Profiling	Gene Expression Quantification	TCGA-LUAD	TCGA-78-7167	TCGA-78-7167-01A	Tumor	Primary	Solid Tissue	Unknown
927beddd-e0e7-4695-b744-79f27519389e	044b4834-bb51-40c8-8027-e5d752fa8787.rna_seq.augmented_star_gene_counts.tsv	Transcriptome Profiling	Gene Expression Quantification	TCGA-LUAD	TCGA-55-8616	TCGA-55-8616-01A	Tumor	Primary	Solid Tissue	Unknown
0905662e-ae14-4807-94ef-69db108fa2ee	e121b871-b177-47ef-a4f1-de73cb338519.rna_seq.augmented_star_gene_counts.tsv	Transcriptome Profiling	Gene Expression Quantification	TCGA-LUAD	TCGA-69-7765	TCGA-69-7765-01A	Tumor	Primary	Solid Tissue	Unknown
caa4bc15-6e54-4d5e-9d91-c25e800b71b9	c36d8349-6af1-4583-818d-cd3742ea97a7.rna_seq.augmented_star_gene_counts.tsv	Transcriptome Profiling	Gene Expression Quantification	TCGA-LUAD	TCGA-50-5946	TCGA-50-5946-01A	Tumor	Primary	Solid Tissue	Unknown
d8334fd5-d042-48b4-95f5-4d5e3c5166e9	aab7b2a0-4181-4556-b1a8-28d31f98a43c.rna_seq.augmented_star_gene_counts.tsv	Transcriptome Profiling	Gene Expression Quantification	TCGA-LUAD	TCGA-MP-A4TE	TCGA-MP-A4TE-01A	Tumor	Primary	Solid Tissue	OCT
94d8b11e-0198-4f40-987a-44691b3b03fa	1efac920-fb46-4ac8-b8b1-d1f2743edefe.rna_seq.augmented_star_gene_counts.tsv	Transcriptome Profiling	Gene Expression Quantification	TCGA-LUAD	TCGA-55-7907	TCGA-55-7907-01A	Tumor	Primary	Solid Tissue	Unknown
d52fa71c-9f59-407e-8481-d0ac47ba88b2	4933c476-e3f3-45b0-b158-dcbe0539644e.rna_seq.augmented_star_gene_counts.tsv	Transcriptome Profiling	Gene Expression Quantification	TCGA-LUAD	TCGA-44-7660	TCGA-44-7660-01A	Tumor	Primary	Solid Tissue	Unknown
d4eb86d5-1952-449c-a5d7-20ccc04f0d07	56c858be-3637-4ba0-81be-208a3edac992.rna_seq.augmented_star_gene_counts.tsv	Transcriptome Profiling	Gene Expression Quantification	TCGA-LUAD	TCGA-97-7941	TCGA-97-7941-01A	Tumor	Primary	Solid Tissue	Unknown
e20ecad8-f22d-4e2d-99af-bc1be98c5128	085fd4df-27f7-4680-a0b5-8726f9eab370.rna_seq.augmented_star_gene_counts.tsv	Transcriptome Profiling	Gene Expression Quantification	TCGA-LUAD	TCGA-49-4512	TCGA-49-4512-01A	Tumor	Primary	Solid Tissue	Unknown
42be8d70-f8a0-49ea-94a9-58e320337843	eecb4e6b-6916-4673-815b-9a5366fe3a86.rna_seq.augmented_star_gene_counts.tsv	Transcriptome Profiling	Gene Expression Quantification	TCGA-LUAD	TCGA-49-4487	TCGA-49-4487-01A	Tumor	Primary	Solid Tissue	Unknown
db0caa6a-e863-4dad-a911-0c69127be9df	55071ef3-bf09-43a2-a54c-a9ec61a84615.rna_seq.augmented_star_gene_counts.tsv	Transcriptome Profiling	Gene Expression Quantification	TCGA-LUAD	TCGA-86-7713	TCGA-86-7713-01A	Tumor	Primary	Solid Tissue	Unknown
055fcce9-7448-4a16-ad18-d235dac7ce97	b95a1889-2ef5-4da3-b5e9-14b678c4d71a.rna_seq.augmented_star_gene_counts.tsv	Transcriptome Profiling	Gene Expression Quantification	TCGA-LUAD	TCGA-50-5936	TCGA-50-5936-01A	Tumor	Primary	Solid Tissue	Unknown
4dbd91d6-8d7b-4e6d-9dc1-3347c3f3996d	0f6c0159-7342-4519-83f5-52c2d457c4f8.rna_seq.augmented_star_gene_counts.tsv	Transcriptome Profiling	Gene Expression Quantification	TCGA-LUAD	TCGA-78-7147	TCGA-78-7147-01A	Tumor	Primary	Solid Tissue	Unknown
cb93a89c-f291-4042-a988-0fb1b392e4d7	4102816c-2ab8-4ecb-83b0-4f78c052bcd8.rna_seq.augmented_star_gene_counts.tsv	Transcriptome Profiling	Gene Expression Quantification	TCGA-LUAD	TCGA-55-6543	TCGA-55-6543-01A	Tumor	Primary	Solid Tissue	Unknown
e37ffff5-f795-4ca9-b46b-f59344db48af	4a967e6f-d39a-4fe5-864b-a43e8184a852.rna_seq.augmented_star_gene_counts.tsv	Transcriptome Profiling	Gene Expression Quantification	TCGA-LUAD	TCGA-49-AAR2	TCGA-49-AAR2-01A	Tumor	Primary	Solid Tissue	OCT
7f9624e7-0e7b-4a2b-8413-1737f0f7c1d0	8e1fcc77-bf23-42e4-949f-d429f7211dd6.rna_seq.augmented_star_gene_counts.tsv	Transcriptome Profiling	Gene Expression Quantification	TCGA-LUAD	TCGA-86-8668	TCGA-86-8668-01A	Tumor	Primary	Solid Tissue	Unknown
db61f20e-e44a-4992-a9f6-b54fc2dedfb6	e789fc5c-1218-4f07-ba95-b54d8fb93e7b.rna_seq.augmented_star_gene_counts.tsv	Transcriptome Profiling	Gene Expression Quantification	TCGA-LUAD	TCGA-50-5044	TCGA-50-5044-01A	Tumor	Primary	Solid Tissue	Unknown
eb29ba2f-e237-403c-ab72-a5dfae705b05	1f71e82c-0781-4d19-bc26-6c3c176827c5.rna_seq.augmented_star_gene_counts.tsv	Transcriptome Profiling	Gene Expression Quantification	TCGA-LUAD	TCGA-50-5946	TCGA-50-5946-02A	Tumor	Recurrence	Solid Tissue	Unknown
e9d3cac1-3a16-4e21-8fe8-a4944ce82cb8	e127acf3-0757-4f24-aff7-0fbe7283b9ed.rna_seq.augmented_star_gene_counts.tsv	Transcriptome Profiling	Gene Expression Quantification	TCGA-LUAD	TCGA-49-6743	TCGA-49-6743-01A	Tumor	Primary	Solid Tissue	Unknown
bec02792-06e1-4789-871d-b5b4a5989786	76413057-e8a8-42b7-b545-897e3b32580d.rna_seq.augmented_star_gene_counts.tsv	Transcriptome Profiling	Gene Expression Quantification	TCGA-LUAD	TCGA-78-7152	TCGA-78-7152-01A	Tumor	Primary	Solid Tissue	Unknown
9123a775-d686-49ab-90e7-0dc572c2fcaf	7643fc1a-086e-4ea5-9766-3dde13cc00b4.rna_seq.augmented_star_gene_counts.tsv	Transcriptome Profiling	Gene Expression Quantification	TCGA-LUAD	TCGA-75-6206	TCGA-75-6206-01A	Tumor	Primary	Solid Tissue	Unknown
5f2d965a-25df-4736-a675-efeb59341a04	9a54be5e-6201-4beb-9689-289b9849756e.rna_seq.augmented_star_gene_counts.tsv	Transcriptome Profiling	Gene Expression Quantification	TCGA-LUAD	TCGA-44-2668	TCGA-44-2668-01A	Tumor	Primary	Solid Tissue	Unknown
3e6105ba-3a23-4ac6-bf0d-1193fb2e679e	812033b2-3784-44bf-8913-56307b267ea9.rna_seq.augmented_star_gene_counts.tsv	Transcriptome Profiling	Gene Expression Quantification	TCGA-LUAD	TCGA-44-2668	TCGA-44-2668-01B	Tumor	Primary	Solid Tissue	FFPE
306febc7-f9b2-493a-9520-b9700d0f3e47	04c4affd-ca5d-4ea4-95d1-a6502e80d1af.rna_seq.augmented_star_gene_counts.tsv	Transcriptome Profiling	Gene Expression Quantification	TCGA-LUAD	TCGA-64-1681	TCGA-64-1681-01A	Tumor	Primary	Solid Tissue	Unknown
eac5ebd0-d788-4908-8eb7-976d6b611667	b8e8f06f-a5a9-4d16-b39f-585dcee31087.rna_seq.augmented_star_gene_counts.tsv	Transcriptome Profiling	Gene Expression Quantification	TCGA-LUAD	TCGA-44-2655	TCGA-44-2655-01A	Tumor	Primary	Solid Tissue	Unknown
8a898b7d-6f1b-4d2a-9f5d-0751ced1d7bf	da3718fb-d874-4469-a3fe-6ba6fa89676b.rna_seq.augmented_star_gene_counts.tsv	Transcriptome Profiling	Gene Expression Quantification	TCGA-LUAD	TCGA-95-7947	TCGA-95-7947-01A	Tumor	Primary	Solid Tissue	Unknown
7a2e7511-e77e-4805-82a3-cb9f5939ed26	735e3d15-4df3-4162-b819-1ebc1991bfce.rna_seq.augmented_star_gene_counts.tsv	Transcriptome Profiling	Gene Expression Quantification	TCGA-LUAD	TCGA-44-6146	TCGA-44-6146-01A	Tumor	Primary	Solid Tissue	Unknown
074b0792-df3c-4b59-9f50-793bc14bcb81	d832db0a-348f-4e28-953a-741192fe0826.rna_seq.augmented_star_gene_counts.tsv	Transcriptome Profiling	Gene Expression Quantification	TCGA-LUAD	TCGA-44-6146	TCGA-44-6146-01A	Tumor	Primary	Solid Tissue	Unknown
38259364-ebcb-4f5f-8471-8ffe7e3267a7	d3c861af-cfe9-4d9f-bc76-a8a45b72df43.rna_seq.augmented_star_gene_counts.tsv	Transcriptome Profiling	Gene Expression Quantification	TCGA-LUAD	TCGA-05-4410	TCGA-05-4410-01A	Tumor	Primary	Solid Tissue	Unknown
0f01f50f-495a-455d-986d-28c65e345a80	06c83065-5800-451a-84a7-7a7f352493ec.rna_seq.augmented_star_gene_counts.tsv	Transcriptome Profiling	Gene Expression Quantification	TCGA-LUAD	TCGA-78-7633	TCGA-78-7633-01A	Tumor	Primary	Solid Tissue	Unknown
4f00f94a-f0db-4840-a230-3bc9866bc184	ff298d6f-071c-417a-acbe-a9ff38494f87.rna_seq.augmented_star_gene_counts.tsv	Transcriptome Profiling	Gene Expression Quantification	TCGA-LUAD	TCGA-55-7573	TCGA-55-7573-01A	Tumor	Primary	Solid Tissue	Unknown
9dffc7c0-da78-48a9-b438-a4886a45048e	52b34ef3-a814-4aa9-a395-6beea6a71f11.rna_seq.augmented_star_gene_counts.tsv	Transcriptome Profiling	Gene Expression Quantification	TCGA-LUAD	TCGA-05-4405	TCGA-05-4405-01A	Tumor	Primary	Solid Tissue	Unknown
218eb2f2-24b1-4e41-9071-26ed97a2edc1	5eef868d-7c7f-42e8-aabf-ce3f75405c7a.rna_seq.augmented_star_gene_counts.tsv	Transcriptome Profiling	Gene Expression Quantification	TCGA-LUAD	TCGA-95-7948	TCGA-95-7948-01A	Tumor	Primary	Solid Tissue	Unknown
19bb0296-340e-4594-9a87-4134b15c7187	12da2172-3304-4dad-bd80-3039e6d49de3.rna_seq.augmented_star_gene_counts.tsv	Transcriptome Profiling	Gene Expression Quantification	TCGA-LUAD	TCGA-J2-8192	TCGA-J2-8192-01A	Tumor	Primary	Solid Tissue	Unknown
3976128b-36ba-4bf0-8121-867e89aba2c9	fec7a02d-1d67-412d-9d69-df7124864e7a.rna_seq.augmented_star_gene_counts.tsv	Transcriptome Profiling	Gene Expression Quantification	TCGA-LUAD	TCGA-55-8507	TCGA-55-8507-01A	Tumor	Primary	Solid Tissue	Unknown
ce886e9b-2167-486f-8d8a-d4fec39d86c9	8a44c8a0-142b-48bb-9809-69914811bacc.rna_seq.augmented_star_gene_counts.tsv	Transcriptome Profiling	Gene Expression Quantification	TCGA-LUAD	TCGA-50-6593	TCGA-50-6593-01A	Tumor	Primary	Solid Tissue	Unknown
a912206f-60e9-4564-9d84-db9c3ee75343	99c5c1c4-851a-42a4-b5a2-dd9da2959343.rna_seq.augmented_star_gene_counts.tsv	Transcriptome Profiling	Gene Expression Quantification	TCGA-LUAD	TCGA-75-5147	TCGA-75-5147-01A	Tumor	Primary	Solid Tissue	Unknown
a43e0f24-382c-431f-9bdb-94b3fa5c52a1	597af330-73d5-4905-803e-56d744ab723d.rna_seq.augmented_star_gene_counts.tsv	Transcriptome Profiling	Gene Expression Quantification	TCGA-LUAD	TCGA-55-7728	TCGA-55-7728-01A	Tumor	Primary	Solid Tissue	Unknown
e824e07e-86cd-43eb-8f36-c60f36194f3c	bae79640-8273-42a2-913e-3d29e00ccc4f.rna_seq.augmented_star_gene_counts.tsv	Transcriptome Profiling	Gene Expression Quantification	TCGA-LUAD	TCGA-49-4488	TCGA-49-4488-01A	Tumor	Primary	Solid Tissue	Unknown
52363b7b-f157-4fbe-8388-169b6152c9fe	655b5152-d150-4b2a-b7cc-ef70dc0b2256.rna_seq.augmented_star_gene_counts.tsv	Transcriptome Profiling	Gene Expression Quantification	TCGA-LUAD	TCGA-44-2666	TCGA-44-2666-01A	Tumor	Primary	Solid Tissue	Unknown
edfdd711-4764-43a7-9948-4320dc17b2b1	7a7440bf-1ca1-4c6b-80f8-7151a38e5d18.rna_seq.augmented_star_gene_counts.tsv	Transcriptome Profiling	Gene Expression Quantification	TCGA-LUAD	TCGA-67-6215	TCGA-67-6215-01A	Tumor	Primary	Solid Tissue	Unknown
30e51b69-6778-4125-bb18-86694d42a6e9	8bd7c2cf-7960-46ca-9373-1c19557dd0aa.rna_seq.augmented_star_gene_counts.tsv	Transcriptome Profiling	Gene Expression Quantification	TCGA-LUAD	TCGA-99-AA5R	TCGA-99-AA5R-01A	Tumor	Primary	Solid Tissue	OCT
a135a2b4-bc6a-4dd6-baa9-f08ab2d4971a	c41a2347-8277-494e-90c6-f1918223388b.rna_seq.augmented_star_gene_counts.tsv	Transcriptome Profiling	Gene Expression Quantification	TCGA-LUAD	TCGA-86-6562	TCGA-86-6562-01A	Tumor	Primary	Solid Tissue	Unknown
e0ff7e04-078a-46a4-ac8c-8a287c1d608e	aa0b2722-97db-4b5a-9a56-213f63255097.rna_seq.augmented_star_gene_counts.tsv	Transcriptome Profiling	Gene Expression Quantification	TCGA-LUAD	TCGA-69-8254	TCGA-69-8254-01A	Tumor	Primary	Solid Tissue	Unknown
27450388-ffc7-4812-b5b4-9819b0a74a0b	7b07706f-a1b4-4f18-a276-0822b578cc40.rna_seq.augmented_star_gene_counts.tsv	Transcriptome Profiling	Gene Expression Quantification	TCGA-LUAD	TCGA-50-5941	TCGA-50-5941-01A	Tumor	Primary	Solid Tissue	Unknown
df03bdab-42a9-4467-a767-b584bb60e926	0a11e8dc-5d34-4fcb-b2dc-aa57b4e90fc9.rna_seq.augmented_star_gene_counts.tsv	Transcriptome Profiling	Gene Expression Quantification	TCGA-LUAD	TCGA-78-7146	TCGA-78-7146-01A	Tumor	Primary	Solid Tissue	Unknown
1ab1279d-7ccd-4450-8de8-9987bf6627dd	3d11905a-16eb-40b2-a36b-e37dca6359d3.rna_seq.augmented_star_gene_counts.tsv	Transcriptome Profiling	Gene Expression Quantification	TCGA-LUAD	TCGA-44-2662	TCGA-44-2662-01B	Tumor	Primary	Solid Tissue	FFPE
7cf36ebf-b16e-49ac-bcc4-b127b1f2a3da	3dde8e24-6a2b-49ab-b4df-c058f18a3851.rna_seq.augmented_star_gene_counts.tsv	Transcriptome Profiling	Gene Expression Quantification	TCGA-LUAD	TCGA-78-7536	TCGA-78-7536-01A	Tumor	Primary	Solid Tissue	Unknown
892294a6-6b94-4284-bae3-9eb0bdc853f6	981bfd73-1d4c-47c0-870a-b9a6300858dc.rna_seq.augmented_star_gene_counts.tsv	Transcriptome Profiling	Gene Expression Quantification	TCGA-LUAD	TCGA-05-4415	TCGA-05-4415-01A	Tumor	Primary	Solid Tissue	Unknown
6c66987a-38f6-4125-8ac1-aa55921fcc26	f77f77e1-073c-4f6a-bc48-1ba165ecc024.rna_seq.augmented_star_gene_counts.tsv	Transcriptome Profiling	Gene Expression Quantification	TCGA-LUAD	TCGA-78-7154	TCGA-78-7154-01A	Tumor	Primary	Solid Tissue	Unknown
b6c69243-9731-4578-b037-ac997cbdc7dc	2306a9ab-37ae-4dfd-b992-4f62022c3d4c.rna_seq.augmented_star_gene_counts.tsv	Transcriptome Profiling	Gene Expression Quantification	TCGA-LUAD	TCGA-95-A4VK	TCGA-95-A4VK-01A	Tumor	Primary	Solid Tissue	OCT
afa5c7c4-02f8-4417-873c-378937f5fbbb	9aa5eb7d-1d54-47f6-aeeb-59be4880f004.rna_seq.augmented_star_gene_counts.tsv	Transcriptome Profiling	Gene Expression Quantification	TCGA-LUAD	TCGA-86-8280	TCGA-86-8280-01A	Tumor	Primary	Solid Tissue	Unknown
a4c14abb-5b10-41df-9da5-39f1ee194b7c	404aadcc-cb30-4dba-b2b3-efd573cd9ffe.rna_seq.augmented_star_gene_counts.tsv	Transcriptome Profiling	Gene Expression Quantification	TCGA-LUAD	TCGA-55-8087	TCGA-55-8087-01A	Tumor	Primary	Solid Tissue	Unknown
946692ad-ed52-4bd8-85ac-efe5178b15b4	883ef55a-e8c0-4774-a298-d2bfeaeeae4b.rna_seq.augmented_star_gene_counts.tsv	Transcriptome Profiling	Gene Expression Quantification	TCGA-LUAD	TCGA-44-2662	TCGA-44-2662-01A	Tumor	Primary	Solid Tissue	Unknown
bfecde55-3ed3-4977-899b-d7c22b6df15b	b7f9da49-2a09-4f32-af6c-980ccf75250b.rna_seq.augmented_star_gene_counts.tsv	Transcriptome Profiling	Gene Expression Quantification	TCGA-LUAD	TCGA-93-7348	TCGA-93-7348-01A	Tumor	Primary	Solid Tissue	Unknown
72d9c332-92e3-4f9c-899d-1de9969b1bd6	6667948a-1834-4572-a1b3-3bc9096650e8.rna_seq.augmented_star_gene_counts.tsv	Transcriptome Profiling	Gene Expression Quantification	TCGA-LUAD	TCGA-78-7542	TCGA-78-7542-01A	Tumor	Primary	Solid Tissue	Unknown
9726aa3d-8a66-4568-92e5-c092c05a9a5d	a308a190-de5d-401c-a030-e089cb6d39db.rna_seq.augmented_star_gene_counts.tsv	Transcriptome Profiling	Gene Expression Quantification	TCGA-LUAD	TCGA-35-3615	TCGA-35-3615-01A	Tumor	Primary	Solid Tissue	Unknown
334cc9fa-3e9b-4462-b84d-dc595e89d537	49acc5ad-6a61-41e1-9acb-4260e932a184.rna_seq.augmented_star_gene_counts.tsv	Transcriptome Profiling	Gene Expression Quantification	TCGA-LUAD	TCGA-55-7570	TCGA-55-7570-01A	Tumor	Primary	Solid Tissue	Unknown
db9bab18-a465-445f-a4fd-dc90faa1da6d	5a335f07-9b07-46cf-8902-503b24f89bfa.rna_seq.augmented_star_gene_counts.tsv	Transcriptome Profiling	Gene Expression Quantification	TCGA-LUAD	TCGA-64-5774	TCGA-64-5774-01A	Tumor	Primary	Solid Tissue	Unknown
ba8aebd8-07de-46c0-a28f-b2408c36f07f	77b82c3f-e20c-4e3b-a55c-08af359bbb6e.rna_seq.augmented_star_gene_counts.tsv	Transcriptome Profiling	Gene Expression Quantification	TCGA-LUAD	TCGA-44-2665	TCGA-44-2665-01A	Tumor	Primary	Solid Tissue	Unknown
aaa72a07-5214-4145-9fb5-99c22b7c248a	f99ac82f-4fe6-4a9a-9d49-67c42cf66208.rna_seq.augmented_star_gene_counts.tsv	Transcriptome Profiling	Gene Expression Quantification	TCGA-LUAD	TCGA-78-7160	TCGA-78-7160-01A	Tumor	Primary	Solid Tissue	Unknown
f0890456-1013-4e8a-9132-f05e2a1be5f2	00d461ae-a1d8-42f2-abd8-5e159363d857.rna_seq.augmented_star_gene_counts.tsv	Transcriptome Profiling	Gene Expression Quantification	TCGA-LUAD	TCGA-44-2666	TCGA-44-2666-01B	Tumor	Primary	Solid Tissue	FFPE
cce2b6af-bff9-4ad0-805d-b32aa6fae985	98a4b8cc-fd54-454c-adcd-6fe9ae159a3b.rna_seq.augmented_star_gene_counts.tsv	Transcriptome Profiling	Gene Expression Quantification	TCGA-LUAD	TCGA-55-7283	TCGA-55-7283-01A	Tumor	Primary	Solid Tissue	Unknown
443ccb95-79d0-47ea-9915-18d5bc10eac4	ec3a68ca-1006-4f2f-95b5-74d506ceda86.rna_seq.augmented_star_gene_counts.tsv	Transcriptome Profiling	Gene Expression Quantification	TCGA-LUAD	TCGA-78-7148	TCGA-78-7148-01A	Tumor	Primary	Solid Tissue	Unknown
6525f4e0-ba79-4576-89b3-df0ab6e45309	a5f6ddd7-f795-4920-b714-ed86942953e3.rna_seq.augmented_star_gene_counts.tsv	Transcriptome Profiling	Gene Expression Quantification	TCGA-LUAD	TCGA-97-8175	TCGA-97-8175-01A	Tumor	Primary	Solid Tissue	Unknown
d7439e19-2ab4-4209-9628-16e6ae6bc11e	962d56c6-0e10-4b55-9c4d-dbb89c983d74.rna_seq.augmented_star_gene_counts.tsv	Transcriptome Profiling	Gene Expression Quantification	TCGA-LUAD	TCGA-78-7155	TCGA-78-7155-01A	Tumor	Primary	Solid Tissue	Unknown
82e982fc-138a-48f8-8127-fb20caa019a2	b1d9364c-d703-4884-b96d-20d8084040a8.rna_seq.augmented_star_gene_counts.tsv	Transcriptome Profiling	Gene Expression Quantification	TCGA-LUAD	TCGA-64-1678	TCGA-64-1678-01A	Tumor	Primary	Solid Tissue	Unknown
6508912f-5f91-43e6-8e63-9233bf3e81eb	d1eba37d-0b00-47f4-a7c8-d2e80ec3e27b.rna_seq.augmented_star_gene_counts.tsv	Transcriptome Profiling	Gene Expression Quantification	TCGA-LUAD	TCGA-97-7937	TCGA-97-7937-01A	Tumor	Primary	Solid Tissue	Unknown
5601dc73-ba9b-4f53-95ef-5fc3de23640c	d6e945f2-4a94-48ab-9ba0-d4f0ee2fb262.rna_seq.augmented_star_gene_counts.tsv	Transcriptome Profiling	Gene Expression Quantification	TCGA-LUAD	TCGA-44-5645	TCGA-44-5645-01A	Tumor	Primary	Solid Tissue	Unknown
36c7d3a4-193f-49fd-b367-e7aacc4eebe2	cc1646da-11b3-40c7-b35e-1206f4517b36.rna_seq.augmented_star_gene_counts.tsv	Transcriptome Profiling	Gene Expression Quantification	TCGA-LUAD	TCGA-44-2666	TCGA-44-2666-01A	Tumor	Primary	Solid Tissue	Unknown
12c95903-cae1-4f9f-97c7-05ab05f4fd7f	1205cc6a-c42f-44c8-bf1c-84ef49eaaee4.rna_seq.augmented_star_gene_counts.tsv	Transcriptome Profiling	Gene Expression Quantification	TCGA-LUAD	TCGA-50-8457	TCGA-50-8457-01A	Tumor	Primary	Solid Tissue	Unknown
a5407526-9c45-427b-abcc-65d6e1f87158	c208cf0f-3922-4159-a7dd-76dccf9ff396.rna_seq.augmented_star_gene_counts.tsv	Transcriptome Profiling	Gene Expression Quantification	TCGA-LUAD	TCGA-67-6216	TCGA-67-6216-01A	Tumor	Primary	Solid Tissue	Unknown
86757083-5e47-423f-91e3-5f2ad6779b27	c16f63fb-a468-48e8-b679-6e26b8457530.rna_seq.augmented_star_gene_counts.tsv	Transcriptome Profiling	Gene Expression Quantification	TCGA-LUAD	TCGA-97-7938	TCGA-97-7938-01A	Tumor	Primary	Solid Tissue	Unknown
e8da0b02-8b75-4a85-b91a-6f8d1582a95c	af649713-fb41-496a-a94b-3691d202c1c8.rna_seq.augmented_star_gene_counts.tsv	Transcriptome Profiling	Gene Expression Quantification	TCGA-LUAD	TCGA-44-2665	TCGA-44-2665-01A	Tumor	Primary	Solid Tissue	Unknown
4297f902-2495-48fb-af36-31e61f727215	d2bf5f92-08f4-492e-96c2-399262f96828.rna_seq.augmented_star_gene_counts.tsv	Transcriptome Profiling	Gene Expression Quantification	TCGA-LUAD	TCGA-05-4427	TCGA-05-4427-01A	Tumor	Primary	Solid Tissue	Unknown
929473bf-434c-438e-b16c-c34bfb0b98ea	cbf298e2-94bb-48c9-ae07-408081055497.rna_seq.augmented_star_gene_counts.tsv	Transcriptome Profiling	Gene Expression Quantification	TCGA-LUAD	TCGA-50-5051	TCGA-50-5051-01A	Tumor	Primary	Solid Tissue	Unknown
ace52699-f049-4a11-ab3d-ce3719c62e41	0e3e11b9-9f43-4a0d-8665-023fae9f8b00.rna_seq.augmented_star_gene_counts.tsv	Transcriptome Profiling	Gene Expression Quantification	TCGA-LUAD	TCGA-38-6178	TCGA-38-6178-01A	Tumor	Primary	Solid Tissue	Unknown
e585878b-98af-4e3f-b03c-6b5a4e7a202c	45310b76-8ea1-4d13-9d9f-1f1d874e0285.rna_seq.augmented_star_gene_counts.tsv	Transcriptome Profiling	Gene Expression Quantification	TCGA-LUAD	TCGA-44-8119	TCGA-44-8119-01A	Tumor	Primary	Solid Tissue	Unknown
c140ee8e-c45f-47fb-b214-c3c8cdde972e	b5909b96-7ef6-497a-802e-11805dc7ded7.rna_seq.augmented_star_gene_counts.tsv	Transcriptome Profiling	Gene Expression Quantification	TCGA-LUAD	TCGA-64-5775	TCGA-64-5775-01A	Tumor	Primary	Solid Tissue	Unknown
c96036a1-2f21-47fc-a5ea-54389bf26502	f07f72e3-8bd8-4a16-91b4-e4444c2745d9.rna_seq.augmented_star_gene_counts.tsv	Transcriptome Profiling	Gene Expression Quantification	TCGA-LUAD	TCGA-55-8203	TCGA-55-8203-01A	Tumor	Primary	Solid Tissue	Unknown
8b26e78c-f162-48fc-8c1b-9628baa3ca62	b603c2a6-4366-415a-871e-5949a2a8a4b6.rna_seq.augmented_star_gene_counts.tsv	Transcriptome Profiling	Gene Expression Quantification	TCGA-LUAD	TCGA-55-8621	TCGA-55-8621-01A	Tumor	Primary	Solid Tissue	Unknown
67543f50-3821-4723-842d-3924b9a32142	1da64d9f-f5dd-4017-bf82-d1a61512b56b.rna_seq.augmented_star_gene_counts.tsv	Transcriptome Profiling	Gene Expression Quantification	TCGA-LUAD	TCGA-67-3770	TCGA-67-3770-01A	Tumor	Primary	Solid Tissue	Unknown
4320b770-69f3-4dd2-afea-8b7f7cdf44c2	32e5ef2b-4387-4d2c-8e62-d18b5106414f.rna_seq.augmented_star_gene_counts.tsv	Transcriptome Profiling	Gene Expression Quantification	TCGA-LUAD	TCGA-73-4676	TCGA-73-4676-01A	Tumor	Primary	Solid Tissue	Unknown
269a7c8d-f4d6-4f1a-a85b-874934f214b9	75eaaf2c-7cd9-416d-88c0-7c5502db9ab5.rna_seq.augmented_star_gene_counts.tsv	Transcriptome Profiling	Gene Expression Quantification	TCGA-LUAD	TCGA-67-3773	TCGA-67-3773-01A	Tumor	Primary	Solid Tissue	Unknown
371fd35f-eb3c-4346-8197-8ecf4c9ce220	27266d85-3f2c-489f-9e5d-663d94ae9f55.rna_seq.augmented_star_gene_counts.tsv	Transcriptome Profiling	Gene Expression Quantification	TCGA-LUAD	TCGA-50-6592	TCGA-50-6592-01A	Tumor	Primary	Solid Tissue	Unknown
c97d6c2a-9866-4893-8cff-ee747c4a4550	2f8abb88-ae9f-4315-bcad-4263862bd11b.rna_seq.augmented_star_gene_counts.tsv	Transcriptome Profiling	Gene Expression Quantification	TCGA-LUAD	TCGA-78-8660	TCGA-78-8660-01A	Tumor	Primary	Solid Tissue	Unknown
49453e81-56b8-43b7-b56f-6195038a1142	ed30ab10-5d65-4aeb-ba72-ec3e9b768cd3.rna_seq.augmented_star_gene_counts.tsv	Transcriptome Profiling	Gene Expression Quantification	TCGA-LUAD	TCGA-64-1677	TCGA-64-1677-01A	Tumor	Primary	Solid Tissue	Unknown
1d8df3eb-b059-47f7-b3fa-f4eb3f568423	d5388d2a-976f-4f08-80c2-14bbf4ccc753.rna_seq.augmented_star_gene_counts.tsv	Transcriptome Profiling	Gene Expression Quantification	TCGA-LUAD	TCGA-80-5611	TCGA-80-5611-01A	Tumor	Primary	Solid Tissue	Unknown
d88c062b-3c19-46e9-92b8-b80f6c3eef56	9a0910ce-634b-47b6-a63c-caaf219e0b55.rna_seq.augmented_star_gene_counts.tsv	Transcriptome Profiling	Gene Expression Quantification	TCGA-LUAD	TCGA-J2-8194	TCGA-J2-8194-01A	Tumor	Primary	Solid Tissue	Unknown
5dd8168d-fe35-4a32-8520-1deaef953b10	53244201-6282-42ea-9da4-31524ca39bf8.rna_seq.augmented_star_gene_counts.tsv	Transcriptome Profiling	Gene Expression Quantification	TCGA-LUAD	TCGA-86-8279	TCGA-86-8279-01A	Tumor	Primary	Solid Tissue	Unknown
f7d58012-79f4-440f-add6-8a00728e96ba	3289364c-0dc2-43e8-bfe2-57d25e8612e5.rna_seq.augmented_star_gene_counts.tsv	Transcriptome Profiling	Gene Expression Quantification	TCGA-LUAD	TCGA-73-A9RS	TCGA-73-A9RS-01A	Tumor	Primary	Solid Tissue	OCT
04778fc1-a821-4029-a383-d88e711f3bee	22cd91fc-54c5-43e0-80ff-19a419298721.rna_seq.augmented_star_gene_counts.tsv	Transcriptome Profiling	Gene Expression Quantification	TCGA-LUAD	TCGA-L9-A5IP	TCGA-L9-A5IP-01A	Tumor	Primary	Solid Tissue	Unknown
0b73f593-b6e8-4897-9b9b-f09e65e436b7	30a6ea89-8eda-47cf-b336-e070fcd08740.rna_seq.augmented_star_gene_counts.tsv	Transcriptome Profiling	Gene Expression Quantification	TCGA-LUAD	TCGA-NJ-A4YI	TCGA-NJ-A4YI-01A	Tumor	Primary	Solid Tissue	OCT
2a7831f2-aa57-4e6f-92b3-0a7a727d5637	cbdf1edd-a8c9-4fc8-88ee-928f01abae34.rna_seq.augmented_star_gene_counts.tsv	Transcriptome Profiling	Gene Expression Quantification	TCGA-LUAD	TCGA-55-8299	TCGA-55-8299-01A	Tumor	Primary	Solid Tissue	Unknown
667a9066-debb-4f43-94f7-3277e66d8991	9207fbc6-99eb-4535-8c02-c8bba5875c1b.rna_seq.augmented_star_gene_counts.tsv	Transcriptome Profiling	Gene Expression Quantification	TCGA-LUAD	TCGA-75-6211	TCGA-75-6211-01A	Tumor	Primary	Solid Tissue	Unknown
8a2d17e2-4ec1-42b6-8825-6d80ffe4b916	c55c7a04-580b-43e3-b138-f83bd3003875.rna_seq.augmented_star_gene_counts.tsv	Transcriptome Profiling	Gene Expression Quantification	TCGA-LUAD	TCGA-97-7553	TCGA-97-7553-01A	Tumor	Primary	Solid Tissue	Unknown
df452e00-a7e9-4045-83fb-623885a542d4	5444c7d2-9c7e-4b9e-a8ee-7d64c375be17.rna_seq.augmented_star_gene_counts.tsv	Transcriptome Profiling	Gene Expression Quantification	TCGA-LUAD	TCGA-MP-A4TD	TCGA-MP-A4TD-01A	Tumor	Primary	Solid Tissue	OCT
d84121c5-5421-43a4-825a-40f357ecc97b	2b99d8d7-f329-4fe6-97b5-167953311755.rna_seq.augmented_star_gene_counts.tsv	Transcriptome Profiling	Gene Expression Quantification	TCGA-LUAD	TCGA-95-A4VN	TCGA-95-A4VN-01A	Tumor	Primary	Solid Tissue	OCT
de38d138-723c-4256-98f4-2788f7cf1e87	98f4637a-4953-4f52-b90a-c768d005a3e7.rna_seq.augmented_star_gene_counts.tsv	Transcriptome Profiling	Gene Expression Quantification	TCGA-LUAD	TCGA-97-8171	TCGA-97-8171-01A	Tumor	Primary	Solid Tissue	Unknown
76cc364e-8214-4a17-8083-9ea80e74c400	918be5f7-a963-406f-8ce4-0a3e528998e5.rna_seq.augmented_star_gene_counts.tsv	Transcriptome Profiling	Gene Expression Quantification	TCGA-LUAD	TCGA-62-8398	TCGA-62-8398-01A	Tumor	Primary	Solid Tissue	Unknown
87d1edd3-df03-4046-a888-86baa85639b6	8ce815e6-3c63-4cbf-8480-4f07867f18da.rna_seq.augmented_star_gene_counts.tsv	Transcriptome Profiling	Gene Expression Quantification	TCGA-LUAD	TCGA-69-7974	TCGA-69-7974-01A	Tumor	Primary	Solid Tissue	Unknown
f51ce896-53bf-4f3b-ac5f-a499b84a7add	23aeef43-0657-45f1-835e-52a829f0bea2.rna_seq.augmented_star_gene_counts.tsv	Transcriptome Profiling	Gene Expression Quantification	TCGA-LUAD	TCGA-55-8506	TCGA-55-8506-01A	Tumor	Primary	Solid Tissue	Unknown
9bdba133-a1e0-4482-add2-af6493ebdbe5	efd3731a-0788-41e9-a985-0c3d400d7db3.rna_seq.augmented_star_gene_counts.tsv	Transcriptome Profiling	Gene Expression Quantification	TCGA-LUAD	TCGA-86-8055	TCGA-86-8055-01A	Tumor	Primary	Solid Tissue	Unknown
e3339500-9481-4a24-a3b8-65b86dabc920	57048ebe-3153-4e65-bbca-eadb92b99d31.rna_seq.augmented_star_gene_counts.tsv	Transcriptome Profiling	Gene Expression Quantification	TCGA-LUAD	TCGA-NJ-A4YP	TCGA-NJ-A4YP-01A	Tumor	Primary	Solid Tissue	OCT
c4bcc6b0-96a1-452b-9169-b4a16bcb9403	9f97863a-5019-41de-a095-dd20c4d55e02.rna_seq.augmented_star_gene_counts.tsv	Transcriptome Profiling	Gene Expression Quantification	TCGA-LUAD	TCGA-44-2656	TCGA-44-2656-01B	Tumor	Primary	Solid Tissue	FFPE
65f85615-96a2-4b3c-ac05-ab67d0bf9e99	ff36264d-8485-46e6-8259-0b55f651ed8f.rna_seq.augmented_star_gene_counts.tsv	Transcriptome Profiling	Gene Expression Quantification	TCGA-LUAD	TCGA-91-8497	TCGA-91-8497-01A	Tumor	Primary	Solid Tissue	Unknown
4f59681b-3811-4569-aa50-ed031f7e370a	afccc865-1d58-475d-b85c-0d7eca330b0e.rna_seq.augmented_star_gene_counts.tsv	Transcriptome Profiling	Gene Expression Quantification	TCGA-LUAD	TCGA-86-7714	TCGA-86-7714-01A	Tumor	Primary	Solid Tissue	Unknown
37fe51a0-c056-492e-b0c5-eb0502d73416	fec056a5-e860-4b68-8fa0-39cb7ad78a62.rna_seq.augmented_star_gene_counts.tsv	Transcriptome Profiling	Gene Expression Quantification	TCGA-LUAD	TCGA-62-8395	TCGA-62-8395-01A	Tumor	Primary	Solid Tissue	Unknown
895ca581-915e-4057-b66a-dc2d5213d7e4	df2ac75d-208d-4cc1-867b-aea3e36117c6.rna_seq.augmented_star_gene_counts.tsv	Transcriptome Profiling	Gene Expression Quantification	TCGA-LUAD	TCGA-44-6145	TCGA-44-6145-01A	Tumor	Primary	Solid Tissue	Unknown
51ec5a15-11e8-435a-a3e0-2a99690309b9	7276835e-ce0e-4fc6-a329-27d936c136ba.rna_seq.augmented_star_gene_counts.tsv	Transcriptome Profiling	Gene Expression Quantification	TCGA-LUAD	TCGA-55-8094	TCGA-55-8094-01A	Tumor	Primary	Solid Tissue	Unknown
69a379e5-c8ba-43ed-b267-bad111c851fb	929a50ee-02a9-44f5-8078-e4020a89263f.rna_seq.augmented_star_gene_counts.tsv	Transcriptome Profiling	Gene Expression Quantification	TCGA-LUAD	TCGA-55-7994	TCGA-55-7994-01A	Tumor	Primary	Solid Tissue	Unknown
12f5eaa4-9f64-4465-bfa6-3d9307e9f980	2f966635-6a77-4205-9bab-df5940a973aa.rna_seq.augmented_star_gene_counts.tsv	Transcriptome Profiling	Gene Expression Quantification	TCGA-LUAD	TCGA-91-8496	TCGA-91-8496-01A	Tumor	Primary	Solid Tissue	Unknown
89bf9c33-c1b4-4786-821f-802cf36eed43	2a53d9f7-430a-45c5-9171-8ee65dc560dd.rna_seq.augmented_star_gene_counts.tsv	Transcriptome Profiling	Gene Expression Quantification	TCGA-LUAD	TCGA-44-7667	TCGA-44-7667-01A	Tumor	Primary	Solid Tissue	Unknown
515aa64c-316b-497e-b877-7ab0c89a58bd	36f81494-52c4-49db-9dba-26a0c2de2e8e.rna_seq.augmented_star_gene_counts.tsv	Transcriptome Profiling	Gene Expression Quantification	TCGA-LUAD	TCGA-99-8025	TCGA-99-8025-01A	Tumor	Primary	Solid Tissue	Unknown
665a7af8-9c2d-4a31-9a22-da89fc7107b2	6f53a60f-3be2-48df-a15a-4675e99efba1.rna_seq.augmented_star_gene_counts.tsv	Transcriptome Profiling	Gene Expression Quantification	TCGA-LUAD	TCGA-38-4632	TCGA-38-4632-01A	Tumor	Primary	Solid Tissue	Unknown
030d778f-ecb4-44eb-8baa-4286e18c9fdd	84595c09-6f85-4a1d-98fa-7d9bc9dc2c28.rna_seq.augmented_star_gene_counts.tsv	Transcriptome Profiling	Gene Expression Quantification	TCGA-LUAD	TCGA-95-8039	TCGA-95-8039-01A	Tumor	Primary	Solid Tissue	Unknown
b0a1b626-c44b-4a95-b4a4-383fc63f8649	233b6aa7-9d3f-4db0-a900-03f7cf4d0ac4.rna_seq.augmented_star_gene_counts.tsv	Transcriptome Profiling	Gene Expression Quantification	TCGA-LUAD	TCGA-NJ-A55O	TCGA-NJ-A55O-01A	Tumor	Primary	Solid Tissue	OCT
26ea6a31-ea33-4bb9-814f-c0840dafe69e	09728f38-787f-4868-b28d-8cf6afa3c71b.rna_seq.augmented_star_gene_counts.tsv	Transcriptome Profiling	Gene Expression Quantification	TCGA-LUAD	TCGA-05-5425	TCGA-05-5425-01A	Tumor	Primary	Solid Tissue	Unknown
cb061496-b611-48bb-9484-c6ca07f9951e	4b6faa2b-5b8d-4ee5-ac5d-aafa6d95327f.rna_seq.augmented_star_gene_counts.tsv	Transcriptome Profiling	Gene Expression Quantification	TCGA-LUAD	TCGA-64-5778	TCGA-64-5778-01A	Tumor	Primary	Solid Tissue	Unknown
afdf58d1-5814-4e78-a92e-26fbcc97da32	0a5dab01-33ff-41d1-8842-7b7f18a6efe0.rna_seq.augmented_star_gene_counts.tsv	Transcriptome Profiling	Gene Expression Quantification	TCGA-LUAD	TCGA-91-6828	TCGA-91-6828-01A	Tumor	Primary	Solid Tissue	Unknown
9db8b103-5f3a-439b-993c-14879744c30a	7f9b4506-b00b-4b6f-8469-d0e4a73df1d4.rna_seq.augmented_star_gene_counts.tsv	Transcriptome Profiling	Gene Expression Quantification	TCGA-LUAD	TCGA-49-6745	TCGA-49-6745-01A	Tumor	Primary	Solid Tissue	Unknown
a03c9de0-7526-4942-8a7a-5fe03ea191f6	3ce23908-d2b9-42b0-a409-5fbd767496c2.rna_seq.augmented_star_gene_counts.tsv	Transcriptome Profiling	Gene Expression Quantification	TCGA-LUAD	TCGA-49-6742	TCGA-49-6742-01A	Tumor	Primary	Solid Tissue	Unknown
f6582ef5-5f6d-41d7-850a-614257c9e3b2	555b77b9-d686-4f0e-a099-25bd5715a5e9.rna_seq.augmented_star_gene_counts.tsv	Transcriptome Profiling	Gene Expression Quantification	TCGA-LUAD	TCGA-50-6597	TCGA-50-6597-01A	Tumor	Primary	Solid Tissue	Unknown
dc8e99bb-f021-44e4-8c60-213405ee156a	325c7d6b-292d-46e5-85d1-785ae8a48c33.rna_seq.augmented_star_gene_counts.tsv	Transcriptome Profiling	Gene Expression Quantification	TCGA-LUAD	TCGA-44-2659	TCGA-44-2659-01A	Tumor	Primary	Solid Tissue	Unknown
4b2e6f07-59e6-47c0-85ea-1e73f3354a01	27e24fc6-af40-4152-8424-a9d365c717d9.rna_seq.augmented_star_gene_counts.tsv	Transcriptome Profiling	Gene Expression Quantification	TCGA-LUAD	TCGA-55-8511	TCGA-55-8511-01A	Tumor	Primary	Solid Tissue	Unknown
5ddf8f4a-edd8-4b97-8d4d-76655d9018c5	59a0b90e-8b8b-41b8-95f0-d51961a94be5.rna_seq.augmented_star_gene_counts.tsv	Transcriptome Profiling	Gene Expression Quantification	TCGA-LUAD	TCGA-05-4396	TCGA-05-4396-01A	Tumor	Primary	Solid Tissue	Unknown
71ac888b-0acc-4cfd-a21a-4c9ff8d06bf9	bd84bab3-4614-4806-bfd1-dab3fca9d6fa.rna_seq.augmented_star_gene_counts.tsv	Transcriptome Profiling	Gene Expression Quantification	TCGA-LUAD	TCGA-86-8585	TCGA-86-8585-01A	Tumor	Primary	Solid Tissue	Unknown
de0b900f-151a-4173-a070-3ec31ec05aed	62b8c824-3e80-4341-bfee-78d04be904c9.rna_seq.augmented_star_gene_counts.tsv	Transcriptome Profiling	Gene Expression Quantification	TCGA-LUAD	TCGA-83-5908	TCGA-83-5908-01A	Tumor	Primary	Solid Tissue	Unknown
cb6a3198-2662-4150-bee9-51b692968209	c6dd2eb6-2297-4dc0-8cae-c7a6b733a1c2.rna_seq.augmented_star_gene_counts.tsv	Transcriptome Profiling	Gene Expression Quantification	TCGA-LUAD	TCGA-50-5066	TCGA-50-5066-01A	Tumor	Primary	Solid Tissue	Unknown
7a176670-7636-4329-951b-c118b816cfca	9ce317be-70dc-4dd2-86b5-e6f79be6f10b.rna_seq.augmented_star_gene_counts.tsv	Transcriptome Profiling	Gene Expression Quantification	TCGA-LUAD	TCGA-O1-A52J	TCGA-O1-A52J-01A	Tumor	Primary	Solid Tissue	OCT
dfc3bc40-b667-4f75-a932-4074c0b0c408	484f0a13-a636-484b-9880-5066955dee6e.rna_seq.augmented_star_gene_counts.tsv	Transcriptome Profiling	Gene Expression Quantification	TCGA-LUAD	TCGA-64-5781	TCGA-64-5781-01A	Tumor	Primary	Solid Tissue	Unknown
64c35a37-5b92-4e2e-831d-9bbe50401dd5	f6f15b7f-1af0-4da5-8ca5-a4b488d8f412.rna_seq.augmented_star_gene_counts.tsv	Transcriptome Profiling	Gene Expression Quantification	TCGA-LUAD	TCGA-86-8074	TCGA-86-8074-01A	Tumor	Primary	Solid Tissue	Unknown
0c212a58-9a27-4850-bb22-540502e893dc	57d89d75-a9bb-4bd3-af76-d29def9a9625.rna_seq.augmented_star_gene_counts.tsv	Transcriptome Profiling	Gene Expression Quantification	TCGA-LUAD	TCGA-55-8620	TCGA-55-8620-01A	Tumor	Primary	Solid Tissue	Unknown
157223aa-aab5-4522-8ff2-8104ea3561d9	e40ae18a-9f57-4069-b99f-260c93b52e9f.rna_seq.augmented_star_gene_counts.tsv	Transcriptome Profiling	Gene Expression Quantification	TCGA-LUAD	TCGA-69-8255	TCGA-69-8255-01A	Tumor	Primary	Solid Tissue	Unknown
ab3c7d7c-7ad0-4f26-9991-ddd288598936	5d843590-36a7-4568-88a4-2bc09e14927f.rna_seq.augmented_star_gene_counts.tsv	Transcriptome Profiling	Gene Expression Quantification	TCGA-LUAD	TCGA-78-8648	TCGA-78-8648-01A	Tumor	Primary	Solid Tissue	Unknown
9ffe8343-d98f-4c5f-b29a-cbcbdac0c008	8536c3c1-1e75-4ebc-b792-30d7d228a117.rna_seq.augmented_star_gene_counts.tsv	Transcriptome Profiling	Gene Expression Quantification	TCGA-LUAD	TCGA-44-7669	TCGA-44-7669-01A	Tumor	Primary	Solid Tissue	Unknown
25857230-7253-4929-a790-90815194b213	b6e9752c-ad52-457d-a37c-78ffb7ddc520.rna_seq.augmented_star_gene_counts.tsv	Transcriptome Profiling	Gene Expression Quantification	TCGA-LUAD	TCGA-78-7537	TCGA-78-7537-01A	Tumor	Primary	Solid Tissue	Unknown
576ad342-ce70-4c3c-b69d-8f1f5c4cd358	ee14c1ac-fa18-4be1-b836-a1274abafe28.rna_seq.augmented_star_gene_counts.tsv	Transcriptome Profiling	Gene Expression Quantification	TCGA-LUAD	TCGA-75-6207	TCGA-75-6207-01A	Tumor	Primary	Solid Tissue	Unknown
e6629c88-a050-41ed-afe7-e74255f4d3b1	894424ab-29c3-4f41-88e7-f59d0df10c28.rna_seq.augmented_star_gene_counts.tsv	Transcriptome Profiling	Gene Expression Quantification	TCGA-LUAD	TCGA-05-4425	TCGA-05-4425-01A	Tumor	Primary	Solid Tissue	Unknown
38cc1ced-6874-4aed-ab73-8c6344564cd6	d0f1d923-1014-4a12-824b-9939fd75f9b1.rna_seq.augmented_star_gene_counts.tsv	Transcriptome Profiling	Gene Expression Quantification	TCGA-LUAD	TCGA-49-6767	TCGA-49-6767-01A	Tumor	Primary	Solid Tissue	Unknown
c5a1245e-f3c5-4f42-afd6-9b12f01a6445	facd5609-e5f0-4993-bd84-049447d60d32.rna_seq.augmented_star_gene_counts.tsv	Transcriptome Profiling	Gene Expression Quantification	TCGA-LUAD	TCGA-44-6778	TCGA-44-6778-01A	Tumor	Primary	Solid Tissue	Unknown
36432508-6673-489b-aefe-d172b83abac2	00fabec9-d311-4994-a7e5-eb91178d14f2.rna_seq.augmented_star_gene_counts.tsv	Transcriptome Profiling	Gene Expression Quantification	TCGA-LUAD	TCGA-69-A59K	TCGA-69-A59K-01A	Tumor	Primary	Solid Tissue	OCT
7f67633b-3eba-4891-94aa-b3e38f6927ae	acbeca74-24ec-4e54-98e6-d3f59475dde9.rna_seq.augmented_star_gene_counts.tsv	Transcriptome Profiling	Gene Expression Quantification	TCGA-LUAD	TCGA-55-7281	TCGA-55-7281-01A	Tumor	Primary	Solid Tissue	Unknown
78d70b30-8812-4802-bca7-f1b8135b9cbd	db66be89-fb7c-41c3-9a0b-9beae75b7850.rna_seq.augmented_star_gene_counts.tsv	Transcriptome Profiling	Gene Expression Quantification	TCGA-LUAD	TCGA-44-8120	TCGA-44-8120-01A	Tumor	Primary	Solid Tissue	Unknown
fc757476-1d31-470b-b648-79608b201bdc	156a175b-b419-4089-8541-7318e3dee78a.rna_seq.augmented_star_gene_counts.tsv	Transcriptome Profiling	Gene Expression Quantification	TCGA-LUAD	TCGA-MP-A4TJ	TCGA-MP-A4TJ-01A	Tumor	Primary	Solid Tissue	OCT
16dc015e-0f5b-4278-a0cb-9ae30a280161	d38959c4-8069-4963-8eca-0c66699df9a7.rna_seq.augmented_star_gene_counts.tsv	Transcriptome Profiling	Gene Expression Quantification	TCGA-LUAD	TCGA-97-8174	TCGA-97-8174-01A	Tumor	Primary	Solid Tissue	Unknown
05fa4573-6ca5-40dc-a48b-ec847b7c58ad	58681163-9f9d-4f74-a1bb-3a4bcb4856d6.rna_seq.augmented_star_gene_counts.tsv	Transcriptome Profiling	Gene Expression Quantification	TCGA-LUAD	TCGA-49-AARR	TCGA-49-AARR-01A	Tumor	Primary	Solid Tissue	OCT
3361d7bc-344b-44b2-97bd-ac0dc79b221f	56afb18f-7fdd-4672-be59-4d3a03b806de.rna_seq.augmented_star_gene_counts.tsv	Transcriptome Profiling	Gene Expression Quantification	TCGA-LUAD	TCGA-50-5049	TCGA-50-5049-01A	Tumor	Primary	Solid Tissue	Unknown
bca264e4-3883-409f-ad4e-f56f81c7c93e	21a80f43-21be-4549-901b-c99083021c30.rna_seq.augmented_star_gene_counts.tsv	Transcriptome Profiling	Gene Expression Quantification	TCGA-LUAD	TCGA-62-8397	TCGA-62-8397-01A	Tumor	Primary	Solid Tissue	Unknown
e1638627-67cc-44f9-9a79-6748968a06af	4a1a0323-0cfb-4f33-ba44-0039283f9334.rna_seq.augmented_star_gene_counts.tsv	Transcriptome Profiling	Gene Expression Quantification	TCGA-LUAD	TCGA-75-5126	TCGA-75-5126-01A	Tumor	Primary	Solid Tissue	Unknown
cfac28bf-001d-4db8-942a-d244f93139a7	1aa0401e-b389-4852-87ef-e1ae357b76dc.rna_seq.augmented_star_gene_counts.tsv	Transcriptome Profiling	Gene Expression Quantification	TCGA-LUAD	TCGA-50-8459	TCGA-50-8459-01A	Tumor	Primary	Solid Tissue	Unknown
82a68e91-48cc-400b-8520-4abcbff1a163	03c7ece7-500d-4c38-a600-bd6863562bfd.rna_seq.augmented_star_gene_counts.tsv	Transcriptome Profiling	Gene Expression Quantification	TCGA-LUAD	TCGA-49-AARQ	TCGA-49-AARQ-01A	Tumor	Primary	Solid Tissue	OCT
8a518a19-2c85-42ec-b027-47139aa442d4	14e05372-1acb-4479-904b-ce8acef028eb.rna_seq.augmented_star_gene_counts.tsv	Transcriptome Profiling	Gene Expression Quantification	TCGA-LUAD	TCGA-78-7150	TCGA-78-7150-01A	Tumor	Primary	Solid Tissue	Unknown
a5e1a78c-7e7a-41e8-8c45-872028f6b5a0	f3df8eaf-1fd2-4e08-ad48-ce5aa1d64e19.rna_seq.augmented_star_gene_counts.tsv	Transcriptome Profiling	Gene Expression Quantification	TCGA-LUAD	TCGA-95-A4VP	TCGA-95-A4VP-01A	Tumor	Primary	Solid Tissue	OCT
942673a7-5072-466f-985c-42d38aeb5c2c	145db6c5-f7ad-4e2f-88f1-d68bc457848a.rna_seq.augmented_star_gene_counts.tsv	Transcriptome Profiling	Gene Expression Quantification	TCGA-LUAD	TCGA-97-8172	TCGA-97-8172-01A	Tumor	Primary	Solid Tissue	Unknown
e21fc8e8-1f42-4c08-a54b-0bcc0f70d816	6338619f-470c-4ae1-8b45-959b5f9ad3da.rna_seq.augmented_star_gene_counts.tsv	Transcriptome Profiling	Gene Expression Quantification	TCGA-LUAD	TCGA-44-6146	TCGA-44-6146-01B	Tumor	Primary	Solid Tissue	FFPE
e7ae9253-4c2d-41bd-9d3a-c37e9841f479	186b7ed8-cc25-45b6-bf7d-25d7a3a2154a.rna_seq.augmented_star_gene_counts.tsv	Transcriptome Profiling	Gene Expression Quantification	TCGA-LUAD	TCGA-91-6836	TCGA-91-6836-01A	Tumor	Primary	Solid Tissue	Unknown
69e97c5b-4c8a-4710-a0f6-48ebfd917f5a	af276b15-2dc4-4724-bbf5-1be8224b7f73.rna_seq.augmented_star_gene_counts.tsv	Transcriptome Profiling	Gene Expression Quantification	TCGA-LUAD	TCGA-55-7724	TCGA-55-7724-01A	Tumor	Primary	Solid Tissue	Unknown
8148f34c-1ddd-454a-8761-8b76e97e8534	4a39a182-e583-4ff0-a8f0-f73b0f5c4f20.rna_seq.augmented_star_gene_counts.tsv	Transcriptome Profiling	Gene Expression Quantification	TCGA-LUAD	TCGA-50-5939	TCGA-50-5939-01A	Tumor	Primary	Solid Tissue	Unknown
a4ed7fd8-e220-46e6-90f7-3b208dbf4e05	9f4c2cc8-8675-43be-98bb-004c45ba5a51.rna_seq.augmented_star_gene_counts.tsv	Transcriptome Profiling	Gene Expression Quantification	TCGA-LUAD	TCGA-91-7771	TCGA-91-7771-01A	Tumor	Primary	Solid Tissue	Unknown
d3d249ab-0483-4e9c-99f3-07afb5b6dabc	73babed8-f934-42c7-9020-30f7c3e1766d.rna_seq.augmented_star_gene_counts.tsv	Transcriptome Profiling	Gene Expression Quantification	TCGA-LUAD	TCGA-50-5935	TCGA-50-5935-01A	Tumor	Primary	Solid Tissue	Unknown
7c802f6c-03bd-4612-835f-c82f6b8f2137	9f938aa7-9fc1-4893-aee4-15ab668b9260.rna_seq.augmented_star_gene_counts.tsv	Transcriptome Profiling	Gene Expression Quantification	TCGA-LUAD	TCGA-55-8207	TCGA-55-8207-01A	Tumor	Primary	Solid Tissue	Unknown
3cd897bd-893e-4497-b9a5-56141816cff4	525e9185-ed15-403d-8987-93c50e4b89a1.rna_seq.augmented_star_gene_counts.tsv	Transcriptome Profiling	Gene Expression Quantification	TCGA-LUAD	TCGA-44-6774	TCGA-44-6774-01A	Tumor	Primary	Solid Tissue	Unknown
beb3712d-76e3-4c3a-becb-c94048ea8a7f	7977a11b-246f-4c4c-a200-ee35d2d51fc5.rna_seq.augmented_star_gene_counts.tsv	Transcriptome Profiling	Gene Expression Quantification	TCGA-LUAD	TCGA-44-6775	TCGA-44-6775-01A	Tumor	Primary	Solid Tissue	Unknown
e17426a8-cf69-4ed4-b54e-cc33cbadf095	ef304a3b-e32b-450e-8c40-4173aa0a0366.rna_seq.augmented_star_gene_counts.tsv	Transcriptome Profiling	Gene Expression Quantification	TCGA-LUAD	TCGA-05-5428	TCGA-05-5428-01A	Tumor	Primary	Solid Tissue	Unknown
475fdbbb-3d3a-4d56-8d0e-34dfb8cb6346	5f74c5cb-1127-4a5c-975e-58e5abc4db03.rna_seq.augmented_star_gene_counts.tsv	Transcriptome Profiling	Gene Expression Quantification	TCGA-LUAD	TCGA-44-7672	TCGA-44-7672-01A	Tumor	Primary	Solid Tissue	Unknown
bbea4239-0ce8-4540-8818-d73d076b3aa6	3369898e-21d8-4ded-8bbc-a746b1a743ad.rna_seq.augmented_star_gene_counts.tsv	Transcriptome Profiling	Gene Expression Quantification	TCGA-LUAD	TCGA-44-6775	TCGA-44-6775-01A	Tumor	Primary	Solid Tissue	Unknown
1d7b2b60-11d7-4803-8c7f-45fc6ce45a25	ebf8d429-0437-4987-9bca-89e62910f168.rna_seq.augmented_star_gene_counts.tsv	Transcriptome Profiling	Gene Expression Quantification	TCGA-LUAD	TCGA-78-7158	TCGA-78-7158-01A	Tumor	Primary	Solid Tissue	Unknown
1120d776-47df-4f72-862e-427d3c44dd43	ec99ae0d-704e-481d-bc90-7b553075a845.rna_seq.augmented_star_gene_counts.tsv	Transcriptome Profiling	Gene Expression Quantification	TCGA-LUAD	TCGA-53-7624	TCGA-53-7624-01A	Tumor	Primary	Solid Tissue	Unknown
990303de-eff3-4418-b305-9bf63236826f	593623b6-0f7d-4089-8697-518c573c86c6.rna_seq.augmented_star_gene_counts.tsv	Transcriptome Profiling	Gene Expression Quantification	TCGA-LUAD	TCGA-86-8056	TCGA-86-8056-01A	Tumor	Primary	Solid Tissue	Unknown
a9e3a464-50ea-49a0-9482-1513ed167bf4	6804af50-1b4f-4872-83b8-bae24d398cb4.rna_seq.augmented_star_gene_counts.tsv	Transcriptome Profiling	Gene Expression Quantification	TCGA-LUAD	TCGA-L9-A7SV	TCGA-L9-A7SV-01A	Tumor	Primary	Solid Tissue	Unknown
1bcb7da3-a08e-4f9d-a960-fe7bdfe4222c	7edd63ce-c5bb-4209-b8c8-98af0fae03ed.rna_seq.augmented_star_gene_counts.tsv	Transcriptome Profiling	Gene Expression Quantification	TCGA-LUAD	TCGA-49-AAR9	TCGA-49-AAR9-01A	Tumor	Primary	Solid Tissue	OCT
842cb3d6-6ca5-4924-a7bb-98720352b548	0ba8665b-be52-4288-838a-8f5d189f809d.rna_seq.augmented_star_gene_counts.tsv	Transcriptome Profiling	Gene Expression Quantification	TCGA-LUAD	TCGA-49-AAR3	TCGA-49-AAR3-01A	Tumor	Primary	Solid Tissue	OCT
0052ae83-7ae5-470a-a125-5cd94a9fa9e9	a6a6b9c6-9db7-42b3-a09f-770b7e126fbb.rna_seq.augmented_star_gene_counts.tsv	Transcriptome Profiling	Gene Expression Quantification	TCGA-LUAD	TCGA-35-5375	TCGA-35-5375-01A	Tumor	Primary	Solid Tissue	Unknown
6d4fc521-df92-4d04-8118-d363ac31bfa8	868157f2-85e5-462c-9994-1e50791ad2c0.rna_seq.augmented_star_gene_counts.tsv	Transcriptome Profiling	Gene Expression Quantification	TCGA-LUAD	TCGA-50-5068	TCGA-50-5068-01A	Tumor	Primary	Solid Tissue	Unknown
669ce970-42a3-4797-bf9c-0de40a021bbf	0832f2ee-ad00-42c7-8cc3-9c63a7b5cea9.rna_seq.augmented_star_gene_counts.tsv	Transcriptome Profiling	Gene Expression Quantification	TCGA-LUAD	TCGA-78-7163	TCGA-78-7163-01A	Tumor	Primary	Solid Tissue	Unknown
58b3d72d-6cff-4c5c-9317-13d88cd17b79	49ab8f1a-6252-47b0-9f16-63e065f33efd.rna_seq.augmented_star_gene_counts.tsv	Transcriptome Profiling	Gene Expression Quantification	TCGA-LUAD	TCGA-67-3772	TCGA-67-3772-01A	Tumor	Primary	Solid Tissue	Unknown
13f74ba9-96c5-4074-9589-3ce0e183c0e9	c649e0cf-b787-4d0c-bab6-d81f7e491b15.rna_seq.augmented_star_gene_counts.tsv	Transcriptome Profiling	Gene Expression Quantification	TCGA-LUAD	TCGA-75-5122	TCGA-75-5122-01A	Tumor	Primary	Solid Tissue	Unknown
361e4878-4535-499d-9987-7295a078bbee	ab0a7727-00ee-40fa-b5f5-a69234473e4a.rna_seq.augmented_star_gene_counts.tsv	Transcriptome Profiling	Gene Expression Quantification	TCGA-LUAD	TCGA-50-5942	TCGA-50-5942-01A	Tumor	Primary	Solid Tissue	Unknown
db5e9553-ca85-4dcd-9229-2ac1ba208d52	57ae0185-984b-40a7-8d95-1a6a2cc0b03a.rna_seq.augmented_star_gene_counts.tsv	Transcriptome Profiling	Gene Expression Quantification	TCGA-LUAD	TCGA-NJ-A55R	TCGA-NJ-A55R-01A	Tumor	Primary	Solid Tissue	OCT
f7c8bdd7-48f6-4ecd-a4ae-78ffcb2fb28d	3e08ac76-9fba-40cf-8743-e2e1fb14f067.rna_seq.augmented_star_gene_counts.tsv	Transcriptome Profiling	Gene Expression Quantification	TCGA-LUAD	TCGA-50-6594	TCGA-50-6594-01A	Tumor	Primary	Solid Tissue	Unknown
119e7a6c-7fd1-4a2d-bfdc-35cb13d39414	6460f151-7102-476d-b03b-fb4ea776b1ea.rna_seq.augmented_star_gene_counts.tsv	Transcriptome Profiling	Gene Expression Quantification	TCGA-LUAD	TCGA-49-AARN	TCGA-49-AARN-01A	Tumor	Primary	Solid Tissue	OCT
da428df4-37ee-43d6-9090-7b94d67968e9	56d2e7e0-7686-417f-a698-393a1385d87e.rna_seq.augmented_star_gene_counts.tsv	Transcriptome Profiling	Gene Expression Quantification	TCGA-LUAD	TCGA-55-8510	TCGA-55-8510-01A	Tumor	Primary	Solid Tissue	Unknown
d21e7461-c76d-4ae7-be02-313c3c34118d	72fe0e80-b3e6-4249-8345-fb9ff8d2ca9b.rna_seq.augmented_star_gene_counts.tsv	Transcriptome Profiling	Gene Expression Quantification	TCGA-LUAD	TCGA-69-7760	TCGA-69-7760-01A	Tumor	Primary	Solid Tissue	Unknown
4a5c811e-d5d9-48d7-9bcc-4c9dc72df8f4	3f79d678-e5d5-443e-a7df-187c2acd2b2c.rna_seq.augmented_star_gene_counts.tsv	Transcriptome Profiling	Gene Expression Quantification	TCGA-LUAD	TCGA-44-6148	TCGA-44-6148-01A	Tumor	Primary	Solid Tissue	Unknown
fe20855f-d3ce-4e02-b2dd-3df15eab44bf	564e41d6-f9a4-4a6b-bb97-f8e5423b84bd.rna_seq.augmented_star_gene_counts.tsv	Transcriptome Profiling	Gene Expression Quantification	TCGA-LUAD	TCGA-69-8453	TCGA-69-8453-01A	Tumor	Primary	Solid Tissue	Unknown
490ee22a-f171-4f7f-9d49-835afe7388c1	5241ced4-4a72-40dc-9698-a647fb6d03a4.rna_seq.augmented_star_gene_counts.tsv	Transcriptome Profiling	Gene Expression Quantification	TCGA-LUAD	TCGA-99-8028	TCGA-99-8028-01A	Tumor	Primary	Solid Tissue	Unknown
0344d3bb-8bb2-459e-bc1f-ba31c7470d08	39807893-979e-44c6-ada9-444c68b863c3.rna_seq.augmented_star_gene_counts.tsv	Transcriptome Profiling	Gene Expression Quantification	TCGA-LUAD	TCGA-MP-A4T4	TCGA-MP-A4T4-01A	Tumor	Primary	Solid Tissue	OCT
cc640c34-516e-4cd8-a32c-d6f9b856696d	57512aba-e397-4ab8-b1ed-de197e6f92fd.rna_seq.augmented_star_gene_counts.tsv	Transcriptome Profiling	Gene Expression Quantification	TCGA-LUAD	TCGA-49-AAR0	TCGA-49-AAR0-01A	Tumor	Primary	Solid Tissue	OCT
b0dc4a18-3099-46fc-a518-9e411c6c15f3	3ddd596f-b02f-4b51-a837-3c684437600f.rna_seq.augmented_star_gene_counts.tsv	Transcriptome Profiling	Gene Expression Quantification	TCGA-LUAD	TCGA-05-5423	TCGA-05-5423-01A	Tumor	Primary	Solid Tissue	Unknown
aca8bace-37c5-4ec0-958c-13907ae97d1f	48fdafbf-3f8b-46ba-8aa9-f081f0b54739.rna_seq.augmented_star_gene_counts.tsv	Transcriptome Profiling	Gene Expression Quantification	TCGA-LUAD	TCGA-55-A57B	TCGA-55-A57B-01A	Tumor	Primary	Solid Tissue	Unknown
df504497-a30e-4a11-a62f-dcb46e741dfb	22c48da7-f220-43f4-a1b0-fd57358f7ae7.rna_seq.augmented_star_gene_counts.tsv	Transcriptome Profiling	Gene Expression Quantification	TCGA-LUAD	TCGA-50-5930	TCGA-50-5930-01A	Tumor	Primary	Solid Tissue	Unknown
77819b24-ea90-427b-8a99-c9a90417c903	b307f8c5-d21f-42ae-9771-07126d58999e.rna_seq.augmented_star_gene_counts.tsv	Transcriptome Profiling	Gene Expression Quantification	TCGA-LUAD	TCGA-44-2656	TCGA-44-2656-01A	Tumor	Primary	Solid Tissue	Unknown
201c0fbc-124c-4ef0-b767-393443a47892	b556d35a-4855-4e56-9e02-5fc939722169.rna_seq.augmented_star_gene_counts.tsv	Transcriptome Profiling	Gene Expression Quantification	TCGA-LUAD	TCGA-44-2656	TCGA-44-2656-01A	Tumor	Primary	Solid Tissue	Unknown
3d6cb261-d0c4-4e98-8918-d7d678cb97ae	d94a4acc-1345-4cdb-b1e0-0b9c1afc593c.rna_seq.augmented_star_gene_counts.tsv	Transcriptome Profiling	Gene Expression Quantification	TCGA-LUAD	TCGA-50-8460	TCGA-50-8460-01A	Tumor	Primary	Solid Tissue	Unknown
5ecec8fc-845f-43cf-82c3-73dea85cc53c	461cd8f2-fe53-448d-b6a9-0a95792464c7.rna_seq.augmented_star_gene_counts.tsv	Transcriptome Profiling	Gene Expression Quantification	TCGA-LUAD	TCGA-86-8358	TCGA-86-8358-01A	Tumor	Primary	Solid Tissue	Unknown
e0d8cd2d-967f-4b04-afa9-3aca54bcaf5d	9f030a01-eef7-4885-8edc-316fe88860d7.rna_seq.augmented_star_gene_counts.tsv	Transcriptome Profiling	Gene Expression Quantification	TCGA-LUAD	TCGA-78-7159	TCGA-78-7159-01A	Tumor	Primary	Solid Tissue	Unknown
140633c2-a8e9-4a2d-a044-082cd099ff98	b7f29b8c-08a8-4781-ba33-5a7b6b02ad23.rna_seq.augmented_star_gene_counts.tsv	Transcriptome Profiling	Gene Expression Quantification	TCGA-LUAD	TCGA-NJ-A4YQ	TCGA-NJ-A4YQ-01A	Tumor	Primary	Solid Tissue	OCT
231aa983-3ef3-476b-bdb3-bab9d66f71e6	fb870a60-4b6d-4e83-b366-bdaaca72f205.rna_seq.augmented_star_gene_counts.tsv	Transcriptome Profiling	Gene Expression Quantification	TCGA-LUAD	TCGA-78-7143	TCGA-78-7143-01A	Tumor	Primary	Solid Tissue	Unknown
249b6388-cdcd-477a-9461-cf0e41146230	6200626d-556e-400d-81f4-e397ce49585f.rna_seq.augmented_star_gene_counts.tsv	Transcriptome Profiling	Gene Expression Quantification	TCGA-LUAD	TCGA-91-8499	TCGA-91-8499-01A	Tumor	Primary	Solid Tissue	Unknown
07a53d2a-ebf6-4517-880a-064bae5ee972	d20f5121-5e33-4b35-8cdf-df2eb51a099d.rna_seq.augmented_star_gene_counts.tsv	Transcriptome Profiling	Gene Expression Quantification	TCGA-LUAD	TCGA-05-4424	TCGA-05-4424-01A	Tumor	Primary	Solid Tissue	Unknown
2a9f6775-bb04-4262-9eb2-d64a8e027010	4564496a-31da-4537-abe0-5b3f2455ed13.rna_seq.augmented_star_gene_counts.tsv	Transcriptome Profiling	Gene Expression Quantification	TCGA-LUAD	TCGA-05-5429	TCGA-05-5429-01A	Tumor	Primary	Solid Tissue	Unknown
b7006975-82c2-4fcc-855d-5ef024ef3d4f	b70dcd97-e1e4-417c-a05f-b37acdde6684.rna_seq.augmented_star_gene_counts.tsv	Transcriptome Profiling	Gene Expression Quantification	TCGA-LUAD	TCGA-95-8494	TCGA-95-8494-01A	Tumor	Primary	Solid Tissue	Unknown
503df94c-0048-4f7b-b957-3f8304be73f0	7d46888b-282b-4f43-a09a-ff44bd1af110.rna_seq.augmented_star_gene_counts.tsv	Transcriptome Profiling	Gene Expression Quantification	TCGA-LUAD	TCGA-64-1679	TCGA-64-1679-01A	Tumor	Primary	Solid Tissue	Unknown
9ee64463-e09f-4983-b83d-a6a5481cab9a	681308e4-1122-4343-9d6b-63df6a39d302.rna_seq.augmented_star_gene_counts.tsv	Transcriptome Profiling	Gene Expression Quantification	TCGA-LUAD	TCGA-MP-A4TH	TCGA-MP-A4TH-01A	Tumor	Primary	Solid Tissue	OCT
a35c257e-f8b8-4d58-8ecb-92b1b0bc59f3	35fc369e-6f16-415b-badb-380eedb2157b.rna_seq.augmented_star_gene_counts.tsv	Transcriptome Profiling	Gene Expression Quantification	TCGA-LUAD	TCGA-78-7161	TCGA-78-7161-01A	Tumor	Primary	Solid Tissue	Unknown
129f7ee5-6342-4a24-9317-d52462ce6a70	059b5dc1-45f7-4d7c-b07a-878b6db6d881.rna_seq.augmented_star_gene_counts.tsv	Transcriptome Profiling	Gene Expression Quantification	TCGA-LUAD	TCGA-78-7156	TCGA-78-7156-01A	Tumor	Primary	Solid Tissue	Unknown
508c6166-6095-4133-a42a-79d75b0c0e31	eda17fff-892d-440a-af83-b353ea60c478.rna_seq.augmented_star_gene_counts.tsv	Transcriptome Profiling	Gene Expression Quantification	TCGA-LUAD	TCGA-86-8669	TCGA-86-8669-01A	Tumor	Primary	Solid Tissue	Unknown
51054c11-8e2f-4f52-bdaf-ebb515508a28	5158a031-b856-4423-9418-031b3107e88f.rna_seq.augmented_star_gene_counts.tsv	Transcriptome Profiling	Gene Expression Quantification	TCGA-LUAD	TCGA-86-8075	TCGA-86-8075-01A	Tumor	Primary	Solid Tissue	Unknown
7a3f27a9-476d-43e2-abb8-db402f80dfcf	9ba0ff4b-4276-45ee-a543-a2e837777923.rna_seq.augmented_star_gene_counts.tsv	Transcriptome Profiling	Gene Expression Quantification	TCGA-LUAD	TCGA-55-5899	TCGA-55-5899-01A	Tumor	Primary	Solid Tissue	Unknown
d05a80fc-d08a-47df-b7cd-0172b9977d46	38fbb0e8-cd18-425d-becf-791c8e8a8911.rna_seq.augmented_star_gene_counts.tsv	Transcriptome Profiling	Gene Expression Quantification	TCGA-LUAD	TCGA-49-AAQV	TCGA-49-AAQV-01A	Tumor	Primary	Solid Tissue	OCT
cde8569f-d0a0-4f05-a86e-0f9d84361faf	8929ea12-e12a-4660-ac19-72b4e7bd2e9a.rna_seq.augmented_star_gene_counts.tsv	Transcriptome Profiling	Gene Expression Quantification	TCGA-LUAD	TCGA-75-6205	TCGA-75-6205-01A	Tumor	Primary	Solid Tissue	Unknown
b5b25f89-cd67-44e5-89bd-be2bc1def4d8	4ad05e6b-e3d8-4048-8f61-1e79e421de0b.rna_seq.augmented_star_gene_counts.tsv	Transcriptome Profiling	Gene Expression Quantification	TCGA-LUAD	TCGA-95-7567	TCGA-95-7567-01A	Tumor	Primary	Solid Tissue	Unknown
18be89fe-3383-45a2-9c0e-b1246e88c82d	77ca7978-5bc4-4264-8ca3-db132049c8a8.rna_seq.augmented_star_gene_counts.tsv	Transcriptome Profiling	Gene Expression Quantification	TCGA-LUAD	TCGA-55-8096	TCGA-55-8096-01A	Tumor	Primary	Solid Tissue	Unknown
b9610938-1f47-4556-ae92-794df8ae6401	a0ead79b-f99c-46d1-a092-4cb98291bdcc.rna_seq.augmented_star_gene_counts.tsv	Transcriptome Profiling	Gene Expression Quantification	TCGA-LUAD	TCGA-44-6775	TCGA-44-6775-01C	Tumor	Primary	Solid Tissue	FFPE
d00354a6-0cdd-42c0-8d0c-1f87f4fdc843	ca927d21-e459-469e-9655-c214b34447f7.rna_seq.augmented_star_gene_counts.tsv	Transcriptome Profiling	Gene Expression Quantification	TCGA-LUAD	TCGA-67-3774	TCGA-67-3774-01A	Tumor	Primary	Solid Tissue	Unknown
15998b11-5041-4e2d-94d9-cf714c796c13	22d87348-bca7-4428-b8e2-2f161d77bcc5.rna_seq.augmented_star_gene_counts.tsv	Transcriptome Profiling	Gene Expression Quantification	TCGA-LUAD	TCGA-69-8253	TCGA-69-8253-01A	Tumor	Primary	Solid Tissue	Unknown
d23c89e5-b295-40b7-a5e8-ee1d4a584dd4	dd6e2735-7d83-4bc4-87b3-05a5d7f08caa.rna_seq.augmented_star_gene_counts.tsv	Transcriptome Profiling	Gene Expression Quantification	TCGA-LUAD	TCGA-71-8520	TCGA-71-8520-01A	Tumor	Primary	Solid Tissue	Unknown
5f4fa91b-489e-4ac9-b685-53952f77bd7a	0bb88c14-58c0-45d8-a8f3-f41840f62d37.rna_seq.augmented_star_gene_counts.tsv	Transcriptome Profiling	Gene Expression Quantification	TCGA-LUAD	TCGA-44-6777	TCGA-44-6777-01A	Tumor	Primary	Solid Tissue	Unknown
1f911a28-0d7a-4f57-b358-cc6277b2008b	094bd5ef-b1ca-46c6-b717-2519e5a6151b.rna_seq.augmented_star_gene_counts.tsv	Transcriptome Profiling	Gene Expression Quantification	TCGA-LUAD	TCGA-71-6725	TCGA-71-6725-01A	Tumor	Primary	Solid Tissue	Unknown
ad636e79-be59-4821-8303-7d2e7389b22f	6545e778-687c-4b82-b6b6-b5d438879069.rna_seq.augmented_star_gene_counts.tsv	Transcriptome Profiling	Gene Expression Quantification	TCGA-LUAD	TCGA-78-7535	TCGA-78-7535-01A	Tumor	Primary	Solid Tissue	Unknown
215f38d1-a17c-4189-97f6-ae20361b0f3f	fdd9f9f1-8b02-4b83-a8f6-f28f968bdf54.rna_seq.augmented_star_gene_counts.tsv	Transcriptome Profiling	Gene Expression Quantification	TCGA-LUAD	TCGA-55-7816	TCGA-55-7816-01A	Tumor	Primary	Solid Tissue	Unknown
47fc2fd2-84ce-49e2-8481-407d7a639042	ef11ddff-02bb-44e2-ab77-fadde20acd87.rna_seq.augmented_star_gene_counts.tsv	Transcriptome Profiling	Gene Expression Quantification	TCGA-LUAD	TCGA-55-7227	TCGA-55-7227-01A	Tumor	Primary	Solid Tissue	Unknown
7f70c9bb-a18a-45e8-8177-34145a6c0dc9	20cddb4c-1ad4-4f0e-bd5e-3071f573b2d0.rna_seq.augmented_star_gene_counts.tsv	Transcriptome Profiling	Gene Expression Quantification	TCGA-LUAD	TCGA-97-7547	TCGA-97-7547-01A	Tumor	Primary	Solid Tissue	Unknown
46a5c6c0-f460-4036-b3e6-eea9ec82ea14	3a284d39-2913-4d8c-b46a-9b1e991cfd0b.rna_seq.augmented_star_gene_counts.tsv	Transcriptome Profiling	Gene Expression Quantification	TCGA-LUAD	TCGA-NJ-A4YF	TCGA-NJ-A4YF-01A	Tumor	Primary	Solid Tissue	OCT
cc481383-4ebf-410c-8dd7-ef0b117bd035	c2c5b3f8-abe2-4112-9ddd-70056f268137.rna_seq.augmented_star_gene_counts.tsv	Transcriptome Profiling	Gene Expression Quantification	TCGA-LUAD	TCGA-62-8399	TCGA-62-8399-01A	Tumor	Primary	Solid Tissue	Unknown
bbbd3cd5-cfd3-418b-ab3a-243de430a5e1	3e5fa22c-f02a-4da4-881c-6aa2869058c1.rna_seq.augmented_star_gene_counts.tsv	Transcriptome Profiling	Gene Expression Quantification	TCGA-LUAD	TCGA-86-8281	TCGA-86-8281-01A	Tumor	Primary	Solid Tissue	Unknown
44964e02-9283-4a48-a9e4-006a75d4120e	b0747254-d7fd-4ec9-96b1-d132540c4b46.rna_seq.augmented_star_gene_counts.tsv	Transcriptome Profiling	Gene Expression Quantification	TCGA-LUAD	TCGA-55-8514	TCGA-55-8514-01A	Tumor	Primary	Solid Tissue	Unknown
36101746-9c10-478e-96fb-8b47d057a6d4	eaaacefc-a798-4b6e-8471-0fde96a80bb9.rna_seq.augmented_star_gene_counts.tsv	Transcriptome Profiling	Gene Expression Quantification	TCGA-LUAD	TCGA-69-7761	TCGA-69-7761-01A	Tumor	Primary	Solid Tissue	Unknown
b5df8e57-5822-4192-a4a4-398d11e9d968	6b48d62b-0932-48df-9448-ae6dcb8853b2.rna_seq.augmented_star_gene_counts.tsv	Transcriptome Profiling	Gene Expression Quantification	TCGA-LUAD	TCGA-55-8302	TCGA-55-8302-01A	Tumor	Primary	Solid Tissue	Unknown
a412b415-0692-4adf-8447-067ad69913d7	fcb42a31-a716-430f-a0a1-001766fc62b5.rna_seq.augmented_star_gene_counts.tsv	Transcriptome Profiling	Gene Expression Quantification	TCGA-LUAD	TCGA-50-5933	TCGA-50-5933-01A	Tumor	Primary	Solid Tissue	Unknown
0e9c2659-4131-4274-b0b4-3e191239f5f3	29000c50-6667-4281-a97a-5f02cb24a8f4.rna_seq.augmented_star_gene_counts.tsv	Transcriptome Profiling	Gene Expression Quantification	TCGA-LUAD	TCGA-50-6595	TCGA-50-6595-01A	Tumor	Primary	Solid Tissue	Unknown
ed3bcbbc-0f04-415f-a083-e34cefa9e310	828b6221-7b05-4e5f-aee0-0234f06fb81e.rna_seq.augmented_star_gene_counts.tsv	Transcriptome Profiling	Gene Expression Quantification	TCGA-LUAD	TCGA-MP-A4TF	TCGA-MP-A4TF-01A	Tumor	Primary	Solid Tissue	OCT
bae501f3-c0ba-4646-8027-0623869176f4	c6fcbf56-bc49-43eb-981a-ef032465a7ce.rna_seq.augmented_star_gene_counts.tsv	Transcriptome Profiling	Gene Expression Quantification	TCGA-LUAD	TCGA-86-8359	TCGA-86-8359-01A	Tumor	Primary	Solid Tissue	Unknown
22cae278-eb88-4685-9ff7-667e53b50a34	e0dabde8-1dd8-4aa6-9f23-51dc22fc2cae.rna_seq.augmented_star_gene_counts.tsv	Transcriptome Profiling	Gene Expression Quantification	TCGA-LUAD	TCGA-99-8033	TCGA-99-8033-01A	Tumor	Primary	Solid Tissue	Unknown
c79162f6-be6e-46b1-aca7-438423fed6c3	98f9eaa2-866f-4223-ad25-f93020214b4e.rna_seq.augmented_star_gene_counts.tsv	Transcriptome Profiling	Gene Expression Quantification	TCGA-LUAD	TCGA-55-8205	TCGA-55-8205-01A	Tumor	Primary	Solid Tissue	Unknown
8b071bf3-0d85-4aba-aa46-d0800dcc8640	65a2c4cf-7c84-4ca8-a37e-8deecb6ef026.rna_seq.augmented_star_gene_counts.tsv	Transcriptome Profiling	Gene Expression Quantification	TCGA-LUAD	TCGA-86-7711	TCGA-86-7711-01A	Tumor	Primary	Solid Tissue	Unknown
77b2c8e8-d630-4b66-be6e-db594df4e0ec	fc4f0b8e-ced1-4543-a21d-3cbb2d269eb0.rna_seq.augmented_star_gene_counts.tsv	Transcriptome Profiling	Gene Expression Quantification	TCGA-LUAD	TCGA-67-4679	TCGA-67-4679-01B	Tumor	Primary	Solid Tissue	Unknown
8be349eb-2407-4f51-809a-ceb5542e0cf1	256e320c-e4de-4918-b3bc-b71657bfd4cc.rna_seq.augmented_star_gene_counts.tsv	Transcriptome Profiling	Gene Expression Quantification	TCGA-LUAD	TCGA-86-7953	TCGA-86-7953-01A	Tumor	Primary	Solid Tissue	Unknown
133bfadb-ed2e-4b10-a5bf-46d31ade6dd4	d6662ab3-af1a-4e7e-a907-111e4241713b.rna_seq.augmented_star_gene_counts.tsv	Transcriptome Profiling	Gene Expression Quantification	TCGA-LUAD	TCGA-55-8092	TCGA-55-8092-01A	Tumor	Primary	Solid Tissue	Unknown
9835daf0-92cc-4237-838d-b122a15aa1f1	dad295e6-b4f8-4ad1-8439-acc3f903cfb0.rna_seq.augmented_star_gene_counts.tsv	Transcriptome Profiling	Gene Expression Quantification	TCGA-LUAD	TCGA-53-7813	TCGA-53-7813-01A	Tumor	Primary	Solid Tissue	Unknown
ab24be1b-969c-48f2-bc98-8b89bc719b4c	2a48ffd2-9212-48f4-a836-7572eb2feffe.rna_seq.augmented_star_gene_counts.tsv	Transcriptome Profiling	Gene Expression Quantification	TCGA-LUAD	TCGA-62-8402	TCGA-62-8402-01A	Tumor	Primary	Solid Tissue	Unknown
3ca2ec6c-4134-4595-9c5e-68c886d3aa1c	f6108b9b-e02f-4608-bec3-bcc0112d05b4.rna_seq.augmented_star_gene_counts.tsv	Transcriptome Profiling	Gene Expression Quantification	TCGA-LUAD	TCGA-49-AARO	TCGA-49-AARO-01A	Tumor	Primary	Solid Tissue	OCT
40e350a6-fda3-43ff-9405-bda7a7c534ae	d7c787e0-6416-4724-8954-85467906f90d.rna_seq.augmented_star_gene_counts.tsv	Transcriptome Profiling	Gene Expression Quantification	TCGA-LUAD	TCGA-55-6642	TCGA-55-6642-01A	Tumor	Primary	Solid Tissue	Unknown
50966d1a-3934-4fb5-9fc4-71f399cf5105	db3c11b8-53c7-48f8-a16c-b86c1c7534b0.rna_seq.augmented_star_gene_counts.tsv	Transcriptome Profiling	Gene Expression Quantification	TCGA-LUAD	TCGA-78-7145	TCGA-78-7145-01A	Tumor	Primary	Solid Tissue	Unknown
74b6cce1-6a5b-4f86-8f41-d842106bfe8f	e48cabb8-73cd-4d42-81b0-f9ab7bebecc1.rna_seq.augmented_star_gene_counts.tsv	Transcriptome Profiling	Gene Expression Quantification	TCGA-LUAD	TCGA-55-8085	TCGA-55-8085-01A	Tumor	Primary	Solid Tissue	Unknown
2f2cc9dc-1d0a-4302-b674-02d56c259ff3	8dc8ccd2-a842-4a48-a8db-007855733fc0.rna_seq.augmented_star_gene_counts.tsv	Transcriptome Profiling	Gene Expression Quantification	TCGA-LUAD	TCGA-49-4490	TCGA-49-4490-01A	Tumor	Primary	Solid Tissue	Unknown
48d5fe32-37ca-4717-af64-1343a3561849	04ce9fac-b5f3-4830-935e-9d6ea74ee915.rna_seq.augmented_star_gene_counts.tsv	Transcriptome Profiling	Gene Expression Quantification	TCGA-LUAD	TCGA-MP-A4T6	TCGA-MP-A4T6-01A	Tumor	Primary	Solid Tissue	OCT
87b32d0a-6e9c-466d-a563-688142d3df95	c45c7b03-a317-4dac-ba0f-19989348cae3.rna_seq.augmented_star_gene_counts.tsv	Transcriptome Profiling	Gene Expression Quantification	TCGA-LUAD	TCGA-55-8208	TCGA-55-8208-01A	Tumor	Primary	Solid Tissue	Unknown
e6543906-a4e3-447c-8040-310979304204	2aef96ea-5379-4066-8df1-66218ab77425.rna_seq.augmented_star_gene_counts.tsv	Transcriptome Profiling	Gene Expression Quantification	TCGA-LUAD	TCGA-44-8117	TCGA-44-8117-01A	Tumor	Primary	Solid Tissue	Unknown
27884724-a2c0-4b3e-921a-54e5f8bf1faa	59578e5d-b76f-46eb-b5d9-7c90b8a9dbe4.rna_seq.augmented_star_gene_counts.tsv	Transcriptome Profiling	Gene Expression Quantification	TCGA-LUAD	TCGA-78-7539	TCGA-78-7539-01A	Tumor	Primary	Solid Tissue	Unknown
3ceb828a-3612-46e8-89c5-397cb20e5356	f1eb1ef7-fe25-4dd8-abed-9d9c298d72fb.rna_seq.augmented_star_gene_counts.tsv	Transcriptome Profiling	Gene Expression Quantification	TCGA-LUAD	TCGA-49-AAR4	TCGA-49-AAR4-01A	Tumor	Primary	Solid Tissue	OCT
3973bbdc-bc07-4deb-955b-3c40e88a68be	c6b74844-5140-4c2e-b13d-fc50c2f2e9f1.rna_seq.augmented_star_gene_counts.tsv	Transcriptome Profiling	Gene Expression Quantification	TCGA-LUAD	TCGA-NJ-A4YG	TCGA-NJ-A4YG-01A	Tumor	Primary	Solid Tissue	OCT
cba15984-128b-4bd9-8202-14afbf1f74b2	9d305ba3-6558-42ed-959c-4182de1c8ebb.rna_seq.augmented_star_gene_counts.tsv	Transcriptome Profiling	Gene Expression Quantification	TCGA-LUAD	TCGA-73-7499	TCGA-73-7499-01A	Tumor	Primary	Solid Tissue	Unknown
ae037177-0902-4c94-8e3c-632e240d3945	b71b334c-768e-46f6-bc7e-c95a11f44f03.rna_seq.augmented_star_gene_counts.tsv	Transcriptome Profiling	Gene Expression Quantification	TCGA-LUAD	TCGA-55-7903	TCGA-55-7903-01A	Tumor	Primary	Solid Tissue	Unknown
7f827e47-e374-4c0e-8fec-b53018bfad03	f01d4b93-8aeb-4b87-a063-59d7b6057fba.rna_seq.augmented_star_gene_counts.tsv	Transcriptome Profiling	Gene Expression Quantification	TCGA-LUAD	TCGA-62-8394	TCGA-62-8394-01A	Tumor	Primary	Solid Tissue	Unknown
76ac1fee-bf40-463f-a4d8-cb9affe0e7c5	7086e8ce-d1e5-4901-ac33-31c299f46356.rna_seq.augmented_star_gene_counts.tsv	Transcriptome Profiling	Gene Expression Quantification	TCGA-LUAD	TCGA-55-8204	TCGA-55-8204-01A	Tumor	Primary	Solid Tissue	Unknown
e98c7df6-1a65-41a0-9182-c752c89eafc7	01ebdef8-920f-4b71-8b44-512598962d6b.rna_seq.augmented_star_gene_counts.tsv	Transcriptome Profiling	Gene Expression Quantification	TCGA-LUAD	TCGA-99-8032	TCGA-99-8032-01A	Tumor	Primary	Solid Tissue	Unknown
e173308d-ac80-4c15-9b0e-e5cb09321a56	b99ff949-1922-4948-8d02-2ef2aa3dfb3b.rna_seq.augmented_star_gene_counts.tsv	Transcriptome Profiling	Gene Expression Quantification	TCGA-LUAD	TCGA-50-7109	TCGA-50-7109-01A	Tumor	Primary	Solid Tissue	Unknown
8be16a1a-383f-4365-b1e5-139b1625e3ce	e1b67311-dee7-4296-ac38-1ad47a80c257.rna_seq.augmented_star_gene_counts.tsv	Transcriptome Profiling	Gene Expression Quantification	TCGA-LUAD	TCGA-L9-A8F4	TCGA-L9-A8F4-01A	Tumor	Primary	Solid Tissue	Unknown
e4bb1f41-bf42-43f3-aba5-98f3a02a7e03	aa2d6144-50d3-4096-9ecf-3cc0ceac7f41.rna_seq.augmented_star_gene_counts.tsv	Transcriptome Profiling	Gene Expression Quantification	TCGA-LUAD	TCGA-50-5045	TCGA-50-5045-01A	Tumor	Primary	Solid Tissue	Unknown
9f0a9ce9-6258-4a82-84c1-dc017a7eb760	129a4f1c-81ee-4ebb-8c97-0a60fcc114d6.rna_seq.augmented_star_gene_counts.tsv	Transcriptome Profiling	Gene Expression Quantification	TCGA-LUAD	TCGA-99-7458	TCGA-99-7458-01A	Tumor	Primary	Solid Tissue	Unknown
63f5b69e-2307-4be6-98e4-b0f57b6394d0	c8bfb715-4c7a-4e3e-baa2-bc842d80654b.rna_seq.augmented_star_gene_counts.tsv	Transcriptome Profiling	Gene Expression Quantification	TCGA-LUAD	TCGA-97-8552	TCGA-97-8552-01A	Tumor	Primary	Solid Tissue	Unknown
648b0d02-f264-4d88-9997-baed8f000a60	6c438dcf-6ec0-4bf7-8122-875490967b70.rna_seq.augmented_star_gene_counts.tsv	Transcriptome Profiling	Gene Expression Quantification	TCGA-LUAD	TCGA-MP-A5C7	TCGA-MP-A5C7-01A	Tumor	Primary	Solid Tissue	OCT
477d7181-e081-4577-ac06-e508b1239989	3d006e45-8ebf-4ba1-b003-13b711c0d0ee.rna_seq.augmented_star_gene_counts.tsv	Transcriptome Profiling	Gene Expression Quantification	TCGA-LUAD	TCGA-78-7540	TCGA-78-7540-01A	Tumor	Primary	Solid Tissue	Unknown
cb59cd67-2756-45e1-80c7-67ad6d6823d4	d0966b4b-6c70-41f6-a220-4bf8be955366.rna_seq.augmented_star_gene_counts.tsv	Transcriptome Profiling	Gene Expression Quantification	TCGA-LUAD	TCGA-86-7954	TCGA-86-7954-01A	Tumor	Primary	Solid Tissue	Unknown
169b5555-f64c-4bbd-9c07-af0c42ddb6aa	da145aec-4391-4fce-b5d0-bf91065b765e.rna_seq.augmented_star_gene_counts.tsv	Transcriptome Profiling	Gene Expression Quantification	TCGA-LUAD	TCGA-78-8640	TCGA-78-8640-01A	Tumor	Primary	Solid Tissue	Unknown
505bfb1f-dc96-4f7e-ba2c-8e20eb0e1f6c	8b3aec43-4c75-4598-bf0a-168f7ffb9f3b.rna_seq.augmented_star_gene_counts.tsv	Transcriptome Profiling	Gene Expression Quantification	TCGA-LUAD	TCGA-64-1680	TCGA-64-1680-01A	Tumor	Primary	Solid Tissue	Unknown
62cdda72-a90e-49e7-9423-24540d696049	ed4e21ee-1471-479e-af75-72c91986787a.rna_seq.augmented_star_gene_counts.tsv	Transcriptome Profiling	Gene Expression Quantification	TCGA-LUAD	TCGA-75-5146	TCGA-75-5146-01A	Tumor	Primary	Solid Tissue	Unknown
bb5264e1-0dbf-4b28-9fbe-0a8602c13369	a787801a-cb3f-4a1f-b14c-ed8f2bfd6028.rna_seq.augmented_star_gene_counts.tsv	Transcriptome Profiling	Gene Expression Quantification	TCGA-LUAD	TCGA-75-6212	TCGA-75-6212-01A	Tumor	Primary	Solid Tissue	Unknown
deb2d529-5ea7-4a41-be07-f9239d7ac759	5d081953-cf3a-40cb-95bf-f418ed3879ac.rna_seq.augmented_star_gene_counts.tsv	Transcriptome Profiling	Gene Expression Quantification	TCGA-LUAD	TCGA-S2-AA1A	TCGA-S2-AA1A-01A	Tumor	Primary	Solid Tissue	OCT
8af996d7-2c5e-4d17-b1a5-8751f4784eba	14aca23b-01ce-4532-8f2f-3b22b05a4757.rna_seq.augmented_star_gene_counts.tsv	Transcriptome Profiling	Gene Expression Quantification	TCGA-LUAD	TCGA-55-8089	TCGA-55-8089-01A	Tumor	Primary	Solid Tissue	Unknown
8e510682-b05c-4792-a149-d713db6d082d	fbb4d953-39c3-4e94-a99c-a8927421709e.rna_seq.augmented_star_gene_counts.tsv	Transcriptome Profiling	Gene Expression Quantification	TCGA-LUAD	TCGA-50-6590	TCGA-50-6590-01A	Tumor	Primary	Solid Tissue	Unknown
69933ac8-e7a7-43b6-8231-2ecb35f88d52	c9d8385a-9f73-48f9-bca4-1c0647881bfd.rna_seq.augmented_star_gene_counts.tsv	Transcriptome Profiling	Gene Expression Quantification	TCGA-LUAD	TCGA-50-5931	TCGA-50-5931-01A	Tumor	Primary	Solid Tissue	Unknown
b817c1a8-7e62-423e-b7e0-eb9136fe0455	73559b1e-ad93-432f-a7bb-c3946d4120d4.rna_seq.augmented_star_gene_counts.tsv	Transcriptome Profiling	Gene Expression Quantification	TCGA-LUAD	TCGA-64-5779	TCGA-64-5779-01A	Tumor	Primary	Solid Tissue	Unknown
eeacf4ac-09cf-41a8-8066-c38a173e61b4	73d96384-ebea-4467-8663-ada78336233c.rna_seq.augmented_star_gene_counts.tsv	Transcriptome Profiling	Gene Expression Quantification	TCGA-LUAD	TCGA-55-7911	TCGA-55-7911-01A	Tumor	Primary	Solid Tissue	Unknown
23ab7447-ba7a-4947-bacf-2c0b209b38cf	e89ecf81-4892-48c8-be13-926f92d5ec97.rna_seq.augmented_star_gene_counts.tsv	Transcriptome Profiling	Gene Expression Quantification	TCGA-LUAD	TCGA-44-5644	TCGA-44-5644-01A	Tumor	Primary	Solid Tissue	Unknown
c7ee3fa6-4a2f-4824-a098-91ce6c1223c3	a4f3f3fa-b161-402b-bc1a-1dddd6be8097.rna_seq.augmented_star_gene_counts.tsv	Transcriptome Profiling	Gene Expression Quantification	TCGA-LUAD	TCGA-55-8512	TCGA-55-8512-01A	Tumor	Primary	Solid Tissue	Unknown
09f9f414-db5b-4b54-9e8e-234bf9d7c678	81a33f6c-0195-45c5-87e7-7748838d0a4e.rna_seq.augmented_star_gene_counts.tsv	Transcriptome Profiling	Gene Expression Quantification	TCGA-LUAD	TCGA-69-7764	TCGA-69-7764-01A	Tumor	Primary	Solid Tissue	Unknown
3c421a7f-8bde-4b4b-90e5-cf0ea11274ab	fbd81adc-aa56-4cde-b1f2-e749e2cbf653.rna_seq.augmented_star_gene_counts.tsv	Transcriptome Profiling	Gene Expression Quantification	TCGA-LUAD	TCGA-NJ-A7XG	TCGA-NJ-A7XG-01A	Tumor	Primary	Solid Tissue	OCT
75719c78-9935-40e0-bd30-1f8eec34badf	74aaf5e2-be23-49b1-b694-3a3dde306a5d.rna_seq.augmented_star_gene_counts.tsv	Transcriptome Profiling	Gene Expression Quantification	TCGA-LUAD	TCGA-55-7284	TCGA-55-7284-01B	Tumor	Primary	Solid Tissue	Unknown
51c0568a-3e54-42a0-b805-0a90905cc865	b8ae4b22-83b8-4cbf-9d3c-49092b7e0903.rna_seq.augmented_star_gene_counts.tsv	Transcriptome Profiling	Gene Expression Quantification	TCGA-LUAD	TCGA-86-8054	TCGA-86-8054-01A	Tumor	Primary	Solid Tissue	Unknown
06a639d9-ade5-4cbb-91b0-a41449ce4f49	6531e137-3d23-44e7-af10-51e9cc517192.rna_seq.augmented_star_gene_counts.tsv	Transcriptome Profiling	Gene Expression Quantification	TCGA-LUAD	TCGA-78-8662	TCGA-78-8662-01A	Tumor	Primary	Solid Tissue	Unknown
932ccb56-ad41-40a0-9ab3-21f490c60af5	a7c58df0-fffc-4a80-85c4-2dab24b2edc2.rna_seq.augmented_star_gene_counts.tsv	Transcriptome Profiling	Gene Expression Quantification	TCGA-LUAD	TCGA-97-7552	TCGA-97-7552-01A	Tumor	Primary	Solid Tissue	Unknown
5edfb99b-ef38-4f97-a59b-efea8738442c	a9a12604-5100-4e45-b7f8-7e7c0d02a139.rna_seq.augmented_star_gene_counts.tsv	Transcriptome Profiling	Gene Expression Quantification	TCGA-LUAD	TCGA-78-7162	TCGA-78-7162-01A	Tumor	Primary	Solid Tissue	Unknown
de82c428-0b33-48e0-a337-42ac0a434a24	b4a1a796-8bce-4b44-b4ed-fd7bf4c81b3b.rna_seq.augmented_star_gene_counts.tsv	Transcriptome Profiling	Gene Expression Quantification	TCGA-LUAD	TCGA-93-A4JP	TCGA-93-A4JP-01A	Tumor	Primary	Solid Tissue	OCT
8e14dba9-6132-483c-892b-b244704fdc38	9343d3bd-0f60-49c3-8625-31a8a7a846c4.rna_seq.augmented_star_gene_counts.tsv	Transcriptome Profiling	Gene Expression Quantification	TCGA-LUAD	TCGA-91-6835	TCGA-91-6835-01A	Tumor	Primary	Solid Tissue	Unknown
3604ee2d-3fdc-40fa-95ab-a3f420334ac5	7ecd6087-9663-4d9d-828d-d9e9b5241c3c.rna_seq.augmented_star_gene_counts.tsv	Transcriptome Profiling	Gene Expression Quantification	TCGA-LUAD	TCGA-86-8674	TCGA-86-8674-01A	Tumor	Primary	Solid Tissue	Unknown
97541ffe-94e7-4130-9bac-65528de8d6f5	c4115468-0566-49e2-a86f-9c7faf6388f5.rna_seq.augmented_star_gene_counts.tsv	Transcriptome Profiling	Gene Expression Quantification	TCGA-LUAD	TCGA-86-7955	TCGA-86-7955-01A	Tumor	Primary	Solid Tissue	Unknown
0e6fc8f1-34ca-4f3b-9d71-5a867e5efb07	4b6c958a-7e20-4b88-b30a-2406b123c8c1.rna_seq.augmented_star_gene_counts.tsv	Transcriptome Profiling	Gene Expression Quantification	TCGA-LUAD	TCGA-97-8177	TCGA-97-8177-01A	Tumor	Primary	Solid Tissue	Unknown
f201ba16-5cb7-42d0-9865-e413fffa3532	8fa3359f-1e40-448a-aae8-a955c1ca3323.rna_seq.augmented_star_gene_counts.tsv	Transcriptome Profiling	Gene Expression Quantification	TCGA-LUAD	TCGA-97-8176	TCGA-97-8176-01A	Tumor	Primary	Solid Tissue	Unknown
1876b908-e911-464f-be23-2b4eae0a43b6	6efebff1-f165-415e-9001-45a782638785.rna_seq.augmented_star_gene_counts.tsv	Transcriptome Profiling	Gene Expression Quantification	TCGA-LUAD	TCGA-49-6744	TCGA-49-6744-01A	Tumor	Primary	Solid Tissue	Unknown
8a884668-03c2-44bb-8ea0-5b0d0bc68aa4	c8e5ea6c-c6b1-4807-8d9f-b2e96154a1eb.rna_seq.augmented_star_gene_counts.tsv	Transcriptome Profiling	Gene Expression Quantification	TCGA-LUAD	TCGA-69-7763	TCGA-69-7763-01A	Tumor	Primary	Solid Tissue	Unknown
c2accf79-6461-4082-b201-c6f881dc6ea2	93f32fe3-cb5b-4910-bf06-e20c876cd8a5.rna_seq.augmented_star_gene_counts.tsv	Transcriptome Profiling	Gene Expression Quantification	TCGA-LUAD	TCGA-78-7149	TCGA-78-7149-01A	Tumor	Primary	Solid Tissue	Unknown
4c2a4d47-67dd-4c12-8f3b-1c55eb6fd00e	c6bf25d8-abea-411f-bb80-6e6fefb82757.rna_seq.augmented_star_gene_counts.tsv	Transcriptome Profiling	Gene Expression Quantification	TCGA-LUAD	TCGA-55-8615	TCGA-55-8615-01A	Tumor	Primary	Solid Tissue	Unknown
29bb005f-53d0-44e6-8626-d6bbe0dba8be	d53203c7-5070-455b-aec3-ce01f32186de.rna_seq.augmented_star_gene_counts.tsv	Transcriptome Profiling	Gene Expression Quantification	TCGA-LUAD	TCGA-67-3771	TCGA-67-3771-01A	Tumor	Primary	Solid Tissue	Unknown
2e2eb2df-d002-49ac-86e7-5ed33e9eabf3	131c0149-e810-4004-97e0-6c8a4aa9049d.rna_seq.augmented_star_gene_counts.tsv	Transcriptome Profiling	Gene Expression Quantification	TCGA-LUAD	TCGA-97-8179	TCGA-97-8179-01A	Tumor	Primary	Solid Tissue	Unknown
ffec28dd-cc44-4057-bcc3-ccc0cd2331c2	d21d91e9-6e19-4c5f-aa2e-cdd41d98e542.rna_seq.augmented_star_gene_counts.tsv	Transcriptome Profiling	Gene Expression Quantification	TCGA-LUAD	TCGA-91-6829	TCGA-91-6829-01A	Tumor	Primary	Solid Tissue	Unknown
6bec00ac-81d0-4f29-bb4d-99102992914c	0326e97a-2ec7-4038-98f3-03d94962d869.rna_seq.augmented_star_gene_counts.tsv	Transcriptome Profiling	Gene Expression Quantification	TCGA-LUAD	TCGA-97-7546	TCGA-97-7546-01A	Tumor	Primary	Solid Tissue	Unknown
db07bd22-cf7a-4504-9491-1bdeb1e14339	c29e5bb3-860d-4f1f-b27d-ae5b9d8c4208.rna_seq.augmented_star_gene_counts.tsv	Transcriptome Profiling	Gene Expression Quantification	TCGA-LUAD	TCGA-44-5643	TCGA-44-5643-01A	Tumor	Primary	Solid Tissue	Unknown
347db78b-ddfc-46ed-9fe4-0ca52ac432ef	ad3180d3-8ae4-4446-9292-dd0c464b03c9.rna_seq.augmented_star_gene_counts.tsv	Transcriptome Profiling	Gene Expression Quantification	TCGA-LUAD	TCGA-50-5066	TCGA-50-5066-02A	Tumor	Recurrence	Solid Tissue	Unknown
458042ad-bec8-4433-80da-70f517a440f7	25a6fe1b-0472-489f-a721-f596395badb1.rna_seq.augmented_star_gene_counts.tsv	Transcriptome Profiling	Gene Expression Quantification	TCGA-LUAD	TCGA-55-7576	TCGA-55-7576-01A	Tumor	Primary	Solid Tissue	Unknown
36e8195f-72b1-4d87-9be5-a487689aba5e	772dcecf-b53d-42e2-8161-f48030150aa0.rna_seq.augmented_star_gene_counts.tsv	Transcriptome Profiling	Gene Expression Quantification	TCGA-LUAD	TCGA-50-5944	TCGA-50-5944-01A	Tumor	Primary	Solid Tissue	Unknown
f93cc1fb-b3d9-4b1e-94bf-54e40b505b34	bcb20e91-2931-4694-8268-686aee414fe7.rna_seq.augmented_star_gene_counts.tsv	Transcriptome Profiling	Gene Expression Quantification	TCGA-LUAD	TCGA-75-5125	TCGA-75-5125-01A	Tumor	Primary	Solid Tissue	Unknown
1a4c524e-8e75-436e-8ccf-cce6ae3d6eb3	3b5d9bee-5e4f-4afc-b297-2f072ef18a93.rna_seq.augmented_star_gene_counts.tsv	Transcriptome Profiling	Gene Expression Quantification	TCGA-LUAD	TCGA-44-7671	TCGA-44-7671-01A	Tumor	Primary	Solid Tissue	Unknown
6feef177-114c-4285-b242-481fe0aea551	77322072-2a7f-49e6-a9d1-c521c25acd70.rna_seq.augmented_star_gene_counts.tsv	Transcriptome Profiling	Gene Expression Quantification	TCGA-LUAD	TCGA-69-7980	TCGA-69-7980-01A	Tumor	Primary	Solid Tissue	Unknown
87b1a89f-591c-4d6b-929d-2eae2951740e	42ecec5f-f097-4d86-a9d9-cf0507b08c42.rna_seq.augmented_star_gene_counts.tsv	Transcriptome Profiling	Gene Expression Quantification	TCGA-LUAD	TCGA-55-8097	TCGA-55-8097-01A	Tumor	Primary	Solid Tissue	Unknown
b5b3c685-304f-4279-904a-c86c18f61576	f8a3b631-5140-45d0-8732-cb556d5f83b2.rna_seq.augmented_star_gene_counts.tsv	Transcriptome Profiling	Gene Expression Quantification	TCGA-LUAD	TCGA-55-7910	TCGA-55-7910-01A	Tumor	Primary	Solid Tissue	Unknown
5fa5664e-daf5-4082-8d39-703a5d650e43	a6caa89b-29fc-46cf-8d6b-a6c0241be6d7.rna_seq.augmented_star_gene_counts.tsv	Transcriptome Profiling	Gene Expression Quantification	TCGA-LUAD	TCGA-55-8301	TCGA-55-8301-01A	Tumor	Primary	Solid Tissue	Unknown
62560d5c-0cae-4fc7-820a-9c1236eb2c80	f30ea4c5-0110-403e-b171-2ea1e35c1ea0.rna_seq.augmented_star_gene_counts.tsv	Transcriptome Profiling	Gene Expression Quantification	TCGA-LUAD	TCGA-05-4417	TCGA-05-4417-01A	Tumor	Primary	Solid Tissue	Unknown
a0fce6cc-a525-4970-82b7-8512bb0708b3	7d9c7c34-76e0-4622-b5f7-60e12f6d4e07.rna_seq.augmented_star_gene_counts.tsv	Transcriptome Profiling	Gene Expression Quantification	TCGA-LUAD	TCGA-55-7913	TCGA-55-7913-01B	Tumor	Primary	Solid Tissue	Unknown
66e79734-9053-4f61-9a32-bee376f5dab0	a4a57e8f-cf4f-4322-b7fe-2336a58cd50f.rna_seq.augmented_star_gene_counts.tsv	Transcriptome Profiling	Gene Expression Quantification	TCGA-LUAD	TCGA-86-7701	TCGA-86-7701-01A	Tumor	Primary	Solid Tissue	Unknown
780617e8-6a28-4774-b1e6-3135e1932327	5a1b3a79-375e-47a7-8a30-b37fbfd8162d.rna_seq.augmented_star_gene_counts.tsv	Transcriptome Profiling	Gene Expression Quantification	TCGA-LUAD	TCGA-05-4390	TCGA-05-4390-01A	Tumor	Primary	Solid Tissue	Unknown
593e91b8-cbcd-4dbf-95ed-9dce881a430b	8d438e20-04cb-4b39-b3a9-96a3a35de104.rna_seq.augmented_star_gene_counts.tsv	Transcriptome Profiling	Gene Expression Quantification	TCGA-LUAD	TCGA-55-8513	TCGA-55-8513-01A	Tumor	Primary	Solid Tissue	Unknown
2bf191f1-b880-427e-996c-0e75df13d738	33e0a8b2-3e7e-46da-b5ef-76463308d3b9.rna_seq.augmented_star_gene_counts.tsv	Transcriptome Profiling	Gene Expression Quantification	TCGA-LUAD	TCGA-44-2662	TCGA-44-2662-01A	Tumor	Primary	Solid Tissue	Unknown
c69e8ef1-57a7-439a-9b05-66f14b019322	be547f27-5157-4947-ad2a-c9d006dedabd.rna_seq.augmented_star_gene_counts.tsv	Transcriptome Profiling	Gene Expression Quantification	TCGA-LUAD	TCGA-44-7670	TCGA-44-7670-01A	Tumor	Primary	Solid Tissue	Unknown
901c6ff1-19bf-48d8-894d-766f1995a916	aec36454-d9a1-4d51-90c6-561f219b6aee.rna_seq.augmented_star_gene_counts.tsv	Transcriptome Profiling	Gene Expression Quantification	TCGA-LUAD	TCGA-55-8206	TCGA-55-8206-01A	Tumor	Primary	Solid Tissue	Unknown
c2371da5-868b-4788-91ec-c9d4bd8d8085	9d2f9191-338e-49ea-a887-a808cdf2703f.rna_seq.augmented_star_gene_counts.tsv	Transcriptome Profiling	Gene Expression Quantification	TCGA-LUAD	TCGA-78-7153	TCGA-78-7153-01A	Tumor	Primary	Solid Tissue	Unknown
254bed99-398d-4c34-a804-67516d257e70	c63de407-f025-4939-9633-6550724be88c.rna_seq.augmented_star_gene_counts.tsv	Transcriptome Profiling	Gene Expression Quantification	TCGA-LUAD	TCGA-44-6779	TCGA-44-6779-01A	Tumor	Primary	Solid Tissue	Unknown
9f1c581d-42a9-4067-8b91-5d309457b5e8	aac03db2-1e90-4c0e-9094-4df06abeb84d.rna_seq.augmented_star_gene_counts.tsv	Transcriptome Profiling	Gene Expression Quantification	TCGA-LUAD	TCGA-55-8508	TCGA-55-8508-01A	Tumor	Primary	Solid Tissue	Unknown
fdcad604-c1b4-40ff-a652-3c1e5fe5f9a1	2301103f-5cbe-4cb6-b5da-0b83b39e4616.rna_seq.augmented_star_gene_counts.tsv	Transcriptome Profiling	Gene Expression Quantification	TCGA-LUAD	TCGA-50-5055	TCGA-50-5055-01A	Tumor	Primary	Solid Tissue	Unknown
85c794c1-3fd0-4a10-a613-9db7eff3c78f	2f03d42e-9735-4edb-87d9-ec443b7801a5.rna_seq.augmented_star_gene_counts.tsv	Transcriptome Profiling	Gene Expression Quantification	TCGA-LUAD	TCGA-49-4514	TCGA-49-4514-01A	Tumor	Primary	Solid Tissue	Unknown
3362c701-3af3-4947-983a-6039b67d1526	fcfff41c-378f-49e8-b416-ccd1b9d8b4b4.rna_seq.augmented_star_gene_counts.tsv	Transcriptome Profiling	Gene Expression Quantification	TCGA-LUAD	TCGA-86-8672	TCGA-86-8672-01A	Tumor	Primary	Solid Tissue	Unknown
ece9f585-2710-4e10-b292-c5fbf588eda9	79e12f4d-94d7-45f8-b251-6b0fcbb6b885.rna_seq.augmented_star_gene_counts.tsv	Transcriptome Profiling	Gene Expression Quantification	TCGA-LUAD	TCGA-86-8673	TCGA-86-8673-01A	Tumor	Primary	Solid Tissue	Unknown
2e5071ce-d8cf-46e5-9cc0-91353f0d643c	22002e84-1d7a-4f93-9934-9d74f45195c0.rna_seq.augmented_star_gene_counts.tsv	Transcriptome Profiling	Gene Expression Quantification	TCGA-LUAD	TCGA-55-7914	TCGA-55-7914-01A	Tumor	Primary	Solid Tissue	Unknown
7a26df49-5d12-4dc2-b686-07e015a415b0	1e3d606d-e374-460c-a046-b6c98aa8256b.rna_seq.augmented_star_gene_counts.tsv	Transcriptome Profiling	Gene Expression Quantification	TCGA-LUAD	TCGA-67-6217	TCGA-67-6217-01A	Tumor	Primary	Solid Tissue	Unknown
81d92351-c619-4585-9281-de33eaaabba4	98d020b1-0467-4131-a3cc-64d288d0e9e7.rna_seq.augmented_star_gene_counts.tsv	Transcriptome Profiling	Gene Expression Quantification	TCGA-LUAD	TCGA-38-7271	TCGA-38-7271-01A	Tumor	Primary	Solid Tissue	Unknown
b9ac77d6-9a1b-443d-8ef5-e8ef2e3008dd	6f6bf240-1ca4-47d0-9a77-17b0ce9b8ae7.rna_seq.augmented_star_gene_counts.tsv	Transcriptome Profiling	Gene Expression Quantification	TCGA-LUAD	TCGA-55-1592	TCGA-55-1592-01A	Tumor	Primary	Solid Tissue	Unknown
b5c6258a-8591-4f96-81d5-8ecc931b57a8	e5ff9d44-3193-4baa-bf04-c86563d3c9a9.rna_seq.augmented_star_gene_counts.tsv	Transcriptome Profiling	Gene Expression Quantification	TCGA-LUAD	TCGA-55-8619	TCGA-55-8619-01A	Tumor	Primary	Solid Tissue	Unknown
dd6ec250-8d4d-4129-9664-7451c1760f4b	34774d7b-1184-4b5f-b6a9-e16c428ca7ce.rna_seq.augmented_star_gene_counts.tsv	Transcriptome Profiling	Gene Expression Quantification	TCGA-LUAD	TCGA-86-8076	TCGA-86-8076-01A	Tumor	Primary	Solid Tissue	Unknown
736227d9-3cee-40ed-bdec-0e88968ef179	7623e22f-3401-47b3-be94-23f5da20ee0d.rna_seq.augmented_star_gene_counts.tsv	Transcriptome Profiling	Gene Expression Quantification	TCGA-LUAD	TCGA-44-6776	TCGA-44-6776-01A	Tumor	Primary	Solid Tissue	Unknown
cab5b00a-9cf2-4e1f-b2f3-93d27b73631e	f48a9d85-c3c7-40bc-9215-760ba3b8fa60.rna_seq.augmented_star_gene_counts.tsv	Transcriptome Profiling	Gene Expression Quantification	TCGA-LUAD	TCGA-38-4631	TCGA-38-4631-01A	Tumor	Primary	Solid Tissue	Unknown
9a64a124-9787-4378-ba01-b79aa183f25f	9a5e0fa6-a785-4d8e-bca5-43e02a3965bf.rna_seq.augmented_star_gene_counts.tsv	Transcriptome Profiling	Gene Expression Quantification	TCGA-LUAD	TCGA-44-6147	TCGA-44-6147-01A	Tumor	Primary	Solid Tissue	Unknown
906a6a3f-91ce-4433-9a0d-e010a61782f0	f602ef77-0db5-47af-b259-e551c77a4281.rna_seq.augmented_star_gene_counts.tsv	Transcriptome Profiling	Gene Expression Quantification	TCGA-LUAD	TCGA-44-7661	TCGA-44-7661-01A	Tumor	Primary	Solid Tissue	Unknown
2f6e63bb-17bd-4b53-8666-45c7159aa1f4	25212f64-8017-4b93-b171-10a830558566.rna_seq.augmented_star_gene_counts.tsv	Transcriptome Profiling	Gene Expression Quantification	TCGA-LUAD	TCGA-55-8090	TCGA-55-8090-01A	Tumor	Primary	Solid Tissue	Unknown
6ac6539b-76a3-4b1c-8da3-6d621308454a	f3d482bb-14e8-4569-bee4-22d7d2a027ea.rna_seq.augmented_star_gene_counts.tsv	Transcriptome Profiling	Gene Expression Quantification	TCGA-LUAD	TCGA-55-7725	TCGA-55-7725-01A	Tumor	Primary	Solid Tissue	Unknown
b0eade9b-2ce4-4ffd-9db3-56958b452af6	5fd9d2a8-3a95-440c-a0de-8ad5fd86e156.rna_seq.augmented_star_gene_counts.tsv	Transcriptome Profiling	Gene Expression Quantification	TCGA-LUAD	TCGA-05-5420	TCGA-05-5420-01A	Tumor	Primary	Solid Tissue	Unknown
e6b0ab3e-2b95-4803-91f8-cfa385fe0386	921aa14f-d674-4ecf-b4fd-ca846acc9fa3.rna_seq.augmented_star_gene_counts.tsv	Transcriptome Profiling	Gene Expression Quantification	TCGA-LUAD	TCGA-55-1596	TCGA-55-1596-01A	Tumor	Primary	Solid Tissue	Unknown
3c9960fd-92f3-4bab-9771-933c95edc37f	fd713184-4bb4-4e1b-a3b8-636273ee6ccc.rna_seq.augmented_star_gene_counts.tsv	Transcriptome Profiling	Gene Expression Quantification	TCGA-LUAD	TCGA-44-6147	TCGA-44-6147-01A	Tumor	Primary	Solid Tissue	Unknown
d2000aa0-a3c5-4155-8995-80ec5f4436e2	020a2284-03f3-4439-89bb-2292ebc3ecd2.rna_seq.augmented_star_gene_counts.tsv	Transcriptome Profiling	Gene Expression Quantification	TCGA-LUAD	TCGA-95-7562	TCGA-95-7562-01A	Tumor	Primary	Solid Tissue	Unknown
7181e057-0ec7-410b-b0fe-ff8de3d14d98	d1b10396-1656-4963-8fd0-7d7368c24dd2.rna_seq.augmented_star_gene_counts.tsv	Transcriptome Profiling	Gene Expression Quantification	TCGA-LUAD	TCGA-73-7498	TCGA-73-7498-01A	Tumor	Primary	Solid Tissue	Unknown
148c1368-6302-4daf-b389-2c92f5da0529	55e5447a-96d1-4d95-91ad-b5790392bbfa.rna_seq.augmented_star_gene_counts.tsv	Transcriptome Profiling	Gene Expression Quantification	TCGA-LUAD	TCGA-50-5072	TCGA-50-5072-01A	Tumor	Primary	Solid Tissue	Unknown
41f852c7-01e8-46b3-8082-da2e00a4ef9d	673621c0-f5d4-4eea-a0ae-469214a70e82.rna_seq.augmented_star_gene_counts.tsv	Transcriptome Profiling	Gene Expression Quantification	TCGA-LUAD	TCGA-78-7166	TCGA-78-7166-01A	Tumor	Primary	Solid Tissue	Unknown
b080156e-0711-42f5-83c7-a34de25cbba9	fe3a5a49-7744-4336-a4b6-0e88f23e21d8.rna_seq.augmented_star_gene_counts.tsv	Transcriptome Profiling	Gene Expression Quantification	TCGA-LUAD	TCGA-50-5932	TCGA-50-5932-01A	Tumor	Primary	Solid Tissue	Unknown
9ffe0bdc-838e-4715-8fd3-31f032c8f46e	96f7dff7-660b-4700-88b3-6479ad02f20c.rna_seq.augmented_star_gene_counts.tsv	Transcriptome Profiling	Gene Expression Quantification	TCGA-LUAD	TCGA-55-1594	TCGA-55-1594-01A	Tumor	Primary	Solid Tissue	Unknown
9a6d8661-241e-4a3e-a6fa-e2eb1962b758	ee030015-242a-4dd1-b43c-2c97d5d365d9.rna_seq.augmented_star_gene_counts.tsv	Transcriptome Profiling	Gene Expression Quantification	TCGA-LUAD	TCGA-44-6147	TCGA-44-6147-01B	Tumor	Primary	Solid Tissue	FFPE
d86a1079-2f10-4c42-9b6a-14498715c4ad	a8d269f5-ebc9-4b2a-9cd9-7019204a246f.rna_seq.augmented_star_gene_counts.tsv	Transcriptome Profiling	Gene Expression Quantification	TCGA-LUAD	TCGA-93-8067	TCGA-93-8067-01A	Tumor	Primary	Solid Tissue	Unknown
aabb1f03-8a4e-4d38-b09e-d9b56b5b921c	f8cc4515-2576-4a72-9cf1-28dfe774eda9.rna_seq.augmented_star_gene_counts.tsv	Transcriptome Profiling	Gene Expression Quantification	TCGA-LUAD	TCGA-55-1595	TCGA-55-1595-01A	Tumor	Primary	Solid Tissue	Unknown
c568fdc8-6942-44ff-a9d9-3f7a03fdc62a	367864dd-ccd2-473e-9661-6ff4342a4e64.rna_seq.augmented_star_gene_counts.tsv	Transcriptome Profiling	Gene Expression Quantification	TCGA-LUAD	TCGA-73-4658	TCGA-73-4658-01A	Tumor	Primary	Solid Tissue	Unknown
3e752bb7-c91d-46f8-ba39-a40e26357b4d	32dd8db9-1e43-497e-a35a-664d7d15ed60.rna_seq.augmented_star_gene_counts.tsv	Transcriptome Profiling	Gene Expression Quantification	TCGA-LUAD	TCGA-55-8091	TCGA-55-8091-01A	Tumor	Primary	Solid Tissue	Unknown
9711a58c-08fc-428f-93a1-3d3db7df213e	74ab82a4-a55b-4e4c-b3f5-1f9317860914.rna_seq.augmented_star_gene_counts.tsv	Transcriptome Profiling	Gene Expression Quantification	TCGA-LUAD	TCGA-55-7726	TCGA-55-7726-01A	Tumor	Primary	Solid Tissue	Unknown
b4de06a8-883b-4d02-afc6-d926c588c4ee	819e9776-131f-4c00-b93c-9936cbcc55b8.rna_seq.augmented_star_gene_counts.tsv	Transcriptome Profiling	Gene Expression Quantification	TCGA-LUAD	TCGA-05-4384	TCGA-05-4384-01A	Tumor	Primary	Solid Tissue	Unknown
